Id,Category
5000.jpg,1631
5001.jpg,908
5002.jpg,189
5003.jpg,1359
5004.jpg,1328
5005.jpg,1606
5006.jpg,417
5007.jpg,377
5008.jpg,746
5009.jpg,803
5010.jpg,2124
5011.jpg,2122
5012.jpg,1084
5013.jpg,1737
5014.jpg,748
5015.jpg,1842
5016.jpg,125
5017.jpg,2167
5018.jpg,1814
5019.jpg,97
5020.jpg,414
5021.jpg,1466
5022.jpg,1127
5023.jpg,2189
5024.jpg,359
5025.jpg,1965
5026.jpg,872
5027.jpg,238
5028.jpg,1072
5029.jpg,1670
5030.jpg,2003
5031.jpg,45
5032.jpg,2215
5033.jpg,1926
5034.jpg,1650
5035.jpg,575
5036.jpg,841
5037.jpg,717
5038.jpg,1303
5039.jpg,463
5040.jpg,2121
5041.jpg,285
5042.jpg,1581
5043.jpg,595
5044.jpg,197
5045.jpg,161
5046.jpg,2183
5047.jpg,1112
5048.jpg,517
5049.jpg,5
5050.jpg,126
5051.jpg,2043
5052.jpg,2064
5053.jpg,1594
5054.jpg,1426
5055.jpg,1984
5056.jpg,1412
5057.jpg,455
5058.jpg,2029
5059.jpg,2101
5060.jpg,1867
5061.jpg,826
5062.jpg,1918
5063.jpg,1794
5064.jpg,2194
5065.jpg,1008
5066.jpg,659
5067.jpg,1270
5068.jpg,2262
5069.jpg,1960
5070.jpg,449
5071.jpg,1909
5072.jpg,113
5073.jpg,2161
5074.jpg,2219
5075.jpg,610
5076.jpg,489
5077.jpg,323
5078.jpg,839
5079.jpg,1432
5080.jpg,2185
5081.jpg,265
5082.jpg,440
5083.jpg,186
5084.jpg,2079
5085.jpg,90
5086.jpg,1476
5087.jpg,960
5088.jpg,1299
5089.jpg,1999
5090.jpg,2293
5091.jpg,262
5092.jpg,271
5093.jpg,464
5094.jpg,637
5095.jpg,263
5096.jpg,1186
5097.jpg,162
5098.jpg,2093
5099.jpg,2124
5100.jpg,2119
5101.jpg,1939
5102.jpg,1415
5103.jpg,570
5104.jpg,617
5105.jpg,299
5106.jpg,796
5107.jpg,819
5108.jpg,1798
5109.jpg,1853
5110.jpg,1171
5111.jpg,868
5112.jpg,65
5113.jpg,1323
5114.jpg,909
5115.jpg,644
5116.jpg,2128
5117.jpg,1741
5118.jpg,322
5119.jpg,1586
5120.jpg,1361
5121.jpg,312
5122.jpg,749
5123.jpg,1988
5124.jpg,996
5125.jpg,1834
5126.jpg,1494
5127.jpg,450
5128.jpg,972
5129.jpg,2065
5130.jpg,275
5131.jpg,1892
5132.jpg,740
5133.jpg,339
5134.jpg,2097
5135.jpg,1986
5136.jpg,1535
5137.jpg,918
5138.jpg,864
5139.jpg,592
5140.jpg,1458
5141.jpg,1133
5142.jpg,1998
5143.jpg,1634
5144.jpg,738
5145.jpg,371
5146.jpg,1068
5147.jpg,130
5148.jpg,335
5149.jpg,1788
5150.jpg,2014
5151.jpg,1340
5152.jpg,1409
5153.jpg,1893
5154.jpg,719
5155.jpg,602
5156.jpg,392
5157.jpg,689
5158.jpg,807
5159.jpg,990
5160.jpg,1004
5161.jpg,2208
5162.jpg,1933
5163.jpg,2208
5164.jpg,588
5165.jpg,1641
5166.jpg,79
5167.jpg,228
5168.jpg,581
5169.jpg,1705
5170.jpg,670
5171.jpg,846
5172.jpg,464
5173.jpg,1844
5174.jpg,1043
5175.jpg,1733
5176.jpg,1906
5177.jpg,1728
5178.jpg,129
5179.jpg,42
5180.jpg,2293
5181.jpg,1521
5182.jpg,197
5183.jpg,2045
5184.jpg,468
5185.jpg,38
5186.jpg,1384
5187.jpg,2214
5188.jpg,359
5189.jpg,2016
5190.jpg,469
5191.jpg,1396
5192.jpg,1039
5193.jpg,1550
5194.jpg,2007
5195.jpg,739
5196.jpg,1656
5197.jpg,196
5198.jpg,1122
5199.jpg,85
5200.jpg,126
5201.jpg,118
5202.jpg,318
5203.jpg,1366
5204.jpg,2076
5205.jpg,88
5206.jpg,271
5207.jpg,222
5208.jpg,2062
5209.jpg,1378
5210.jpg,1545
5211.jpg,1696
5212.jpg,1948
5213.jpg,1007
5214.jpg,520
5215.jpg,1697
5216.jpg,1337
5217.jpg,1517
5218.jpg,179
5219.jpg,346
5220.jpg,1296
5221.jpg,1158
5222.jpg,2043
5223.jpg,2001
5224.jpg,1863
5225.jpg,356
5226.jpg,772
5227.jpg,319
5228.jpg,1359
5229.jpg,343
5230.jpg,603
5231.jpg,1783
5232.jpg,1337
5233.jpg,2011
5234.jpg,664
5235.jpg,982
5236.jpg,1505
5237.jpg,1832
5238.jpg,1166
5239.jpg,2123
5240.jpg,584
5241.jpg,283
5242.jpg,82
5243.jpg,1991
5244.jpg,1676
5245.jpg,742
5246.jpg,2049
5247.jpg,1659
5248.jpg,2256
5249.jpg,1943
5250.jpg,780
5251.jpg,2002
5252.jpg,1590
5253.jpg,1961
5254.jpg,432
5255.jpg,1465
5256.jpg,1747
5257.jpg,1778
5258.jpg,1830
5259.jpg,1925
5260.jpg,1732
5261.jpg,538
5262.jpg,1644
5263.jpg,809
5264.jpg,303
5265.jpg,1529
5266.jpg,743
5267.jpg,770
5268.jpg,2094
5269.jpg,689
5270.jpg,900
5271.jpg,286
5272.jpg,761
5273.jpg,489
5274.jpg,1503
5275.jpg,558
5276.jpg,608
5277.jpg,1990
5278.jpg,935
5279.jpg,247
5280.jpg,594
5281.jpg,536
5282.jpg,554
5283.jpg,1535
5284.jpg,2193
5285.jpg,2118
5286.jpg,1907
5287.jpg,1286
5288.jpg,1714
5289.jpg,806
5290.jpg,495
5291.jpg,1125
5292.jpg,117
5293.jpg,1419
5294.jpg,1506
5295.jpg,604
5296.jpg,2075
5297.jpg,1681
5298.jpg,1487
5299.jpg,1323
5300.jpg,13
5301.jpg,458
5302.jpg,1762
5303.jpg,1070
5304.jpg,1243
5305.jpg,718
5306.jpg,825
5307.jpg,869
5308.jpg,1944
5309.jpg,1634
5310.jpg,1739
5311.jpg,1209
5312.jpg,1521
5313.jpg,178
5314.jpg,812
5315.jpg,1474
5316.jpg,1531
5317.jpg,338
5318.jpg,139
5319.jpg,260
5320.jpg,967
5321.jpg,924
5322.jpg,482
5323.jpg,204
5324.jpg,528
5325.jpg,519
5326.jpg,304
5327.jpg,1149
5328.jpg,1532
5329.jpg,1494
5330.jpg,26
5331.jpg,1610
5332.jpg,1118
5333.jpg,2057
5334.jpg,2166
5335.jpg,616
5336.jpg,662
5337.jpg,861
5338.jpg,1516
5339.jpg,175
5340.jpg,1347
5341.jpg,0
5342.jpg,1685
5343.jpg,907
5344.jpg,1386
5345.jpg,1362
5346.jpg,1689
5347.jpg,1577
5348.jpg,676
5349.jpg,1704
5350.jpg,812
5351.jpg,1185
5352.jpg,10
5353.jpg,1673
5354.jpg,1259
5355.jpg,94
5356.jpg,193
5357.jpg,280
5358.jpg,102
5359.jpg,1020
5360.jpg,1382
5361.jpg,1131
5362.jpg,149
5363.jpg,1892
5364.jpg,1590
5365.jpg,60
5366.jpg,1996
5367.jpg,993
5368.jpg,213
5369.jpg,486
5370.jpg,1165
5371.jpg,179
5372.jpg,1986
5373.jpg,1869
5374.jpg,1103
5375.jpg,305
5376.jpg,1052
5377.jpg,2268
5378.jpg,1080
5379.jpg,419
5380.jpg,1545
5381.jpg,1738
5382.jpg,840
5383.jpg,1265
5384.jpg,1699
5385.jpg,665
5386.jpg,388
5387.jpg,1888
5388.jpg,576
5389.jpg,2288
5390.jpg,585
5391.jpg,2146
5392.jpg,2158
5393.jpg,1501
5394.jpg,1633
5395.jpg,1652
5396.jpg,2268
5397.jpg,398
5398.jpg,1193
5399.jpg,1087
5400.jpg,700
5401.jpg,1110
5402.jpg,1517
5403.jpg,551
5404.jpg,1406
5405.jpg,1751
5406.jpg,260
5407.jpg,2032
5408.jpg,1100
5409.jpg,1927
5410.jpg,195
5411.jpg,1026
5412.jpg,754
5413.jpg,987
5414.jpg,531
5415.jpg,1400
5416.jpg,1561
5417.jpg,565
5418.jpg,2251
5419.jpg,1265
5420.jpg,1665
5421.jpg,118
5422.jpg,591
5423.jpg,1818
5424.jpg,1245
5425.jpg,354
5426.jpg,457
5427.jpg,1364
5428.jpg,745
5429.jpg,1226
5430.jpg,979
5431.jpg,20
5432.jpg,1171
5433.jpg,1593
5434.jpg,807
5435.jpg,246
5436.jpg,356
5437.jpg,964
5438.jpg,1928
5439.jpg,1549
5440.jpg,689
5441.jpg,1966
5442.jpg,794
5443.jpg,1588
5444.jpg,571
5445.jpg,602
5446.jpg,1896
5447.jpg,14
5448.jpg,1372
5449.jpg,303
5450.jpg,1145
5451.jpg,545
5452.jpg,1463
5453.jpg,745
5454.jpg,1376
5455.jpg,1285
5456.jpg,1155
5457.jpg,2291
5458.jpg,198
5459.jpg,2237
5460.jpg,757
5461.jpg,1533
5462.jpg,1878
5463.jpg,2134
5464.jpg,1988
5465.jpg,1167
5466.jpg,318
5467.jpg,2277
5468.jpg,2205
5469.jpg,1193
5470.jpg,662
5471.jpg,406
5472.jpg,1281
5473.jpg,855
5474.jpg,2148
5475.jpg,1065
5476.jpg,803
5477.jpg,1132
5478.jpg,895
5479.jpg,1987
5480.jpg,1280
5481.jpg,665
5482.jpg,557
5483.jpg,786
5484.jpg,1956
5485.jpg,466
5486.jpg,501
5487.jpg,207
5488.jpg,2160
5489.jpg,484
5490.jpg,1724
5491.jpg,1735
5492.jpg,515
5493.jpg,1620
5494.jpg,1244
5495.jpg,2071
5496.jpg,2108
5497.jpg,2251
5498.jpg,1864
5499.jpg,522
5500.jpg,2175
5501.jpg,1685
5502.jpg,1129
5503.jpg,39
5504.jpg,705
5505.jpg,1556
5506.jpg,671
5507.jpg,929
5508.jpg,1106
5509.jpg,1357
5510.jpg,1082
5511.jpg,1220
5512.jpg,119
5513.jpg,1625
5514.jpg,488
5515.jpg,372
5516.jpg,1006
5517.jpg,1508
5518.jpg,2151
5519.jpg,1251
5520.jpg,927
5521.jpg,337
5522.jpg,1035
5523.jpg,1900
5524.jpg,296
5525.jpg,1820
5526.jpg,2144
5527.jpg,73
5528.jpg,1010
5529.jpg,1450
5530.jpg,1085
5531.jpg,471
5532.jpg,693
5533.jpg,1249
5534.jpg,1153
5535.jpg,1743
5536.jpg,504
5537.jpg,1642
5538.jpg,979
5539.jpg,452
5540.jpg,436
5541.jpg,1195
5542.jpg,2008
5543.jpg,893
5544.jpg,2217
5545.jpg,1222
5546.jpg,2063
5547.jpg,871
5548.jpg,776
5549.jpg,608
5550.jpg,916
5551.jpg,1652
5552.jpg,195
5553.jpg,503
5554.jpg,122
5555.jpg,1091
5556.jpg,832
5557.jpg,874
5558.jpg,643
5559.jpg,1917
5560.jpg,1132
5561.jpg,1253
5562.jpg,1050
5563.jpg,1050
5564.jpg,107
5565.jpg,1642
5566.jpg,1087
5567.jpg,168
5568.jpg,794
5569.jpg,267
5570.jpg,1875
5571.jpg,105
5572.jpg,1866
5573.jpg,1568
5574.jpg,1597
5575.jpg,1063
5576.jpg,771
5577.jpg,1693
5578.jpg,1953
5579.jpg,1073
5580.jpg,1140
5581.jpg,1552
5582.jpg,2189
5583.jpg,1523
5584.jpg,52
5585.jpg,1768
5586.jpg,959
5587.jpg,2107
5588.jpg,445
5589.jpg,136
5590.jpg,193
5591.jpg,1338
5592.jpg,2143
5593.jpg,880
5594.jpg,506
5595.jpg,2182
5596.jpg,2243
5597.jpg,835
5598.jpg,606
5599.jpg,1679
5600.jpg,1021
5601.jpg,2259
5602.jpg,2091
5603.jpg,1756
5604.jpg,249
5605.jpg,2053
5606.jpg,2178
5607.jpg,1969
5608.jpg,1923
5609.jpg,1832
5610.jpg,1148
5611.jpg,2103
5612.jpg,889
5613.jpg,2211
5614.jpg,1190
5615.jpg,1934
5616.jpg,1059
5617.jpg,1823
5618.jpg,2184
5619.jpg,1161
5620.jpg,734
5621.jpg,1732
5622.jpg,2220
5623.jpg,2019
5624.jpg,2038
5625.jpg,1641
5626.jpg,1499
5627.jpg,2184
5628.jpg,1526
5629.jpg,1782
5630.jpg,1897
5631.jpg,199
5632.jpg,1993
5633.jpg,798
5634.jpg,1539
5635.jpg,729
5636.jpg,1013
5637.jpg,533
5638.jpg,311
5639.jpg,1491
5640.jpg,1397
5641.jpg,155
5642.jpg,450
5643.jpg,264
5644.jpg,253
5645.jpg,2041
5646.jpg,2182
5647.jpg,1421
5648.jpg,1474
5649.jpg,121
5650.jpg,89
5651.jpg,2109
5652.jpg,1771
5653.jpg,2096
5654.jpg,1059
5655.jpg,1120
5656.jpg,609
5657.jpg,1007
5658.jpg,1224
5659.jpg,1228
5660.jpg,1764
5661.jpg,18
5662.jpg,625
5663.jpg,1781
5664.jpg,1062
5665.jpg,1552
5666.jpg,1457
5667.jpg,2059
5668.jpg,1883
5669.jpg,1705
5670.jpg,1623
5671.jpg,1842
5672.jpg,850
5673.jpg,1741
5674.jpg,584
5675.jpg,1269
5676.jpg,1172
5677.jpg,938
5678.jpg,1489
5679.jpg,442
5680.jpg,176
5681.jpg,787
5682.jpg,691
5683.jpg,793
5684.jpg,1684
5685.jpg,224
5686.jpg,127
5687.jpg,1961
5688.jpg,1597
5689.jpg,2145
5690.jpg,660
5691.jpg,150
5692.jpg,143
5693.jpg,1580
5694.jpg,1813
5695.jpg,17
5696.jpg,478
5697.jpg,1689
5698.jpg,379
5699.jpg,1032
5700.jpg,1022
5701.jpg,1769
5702.jpg,2206
5703.jpg,1837
5704.jpg,2070
5705.jpg,2121
5706.jpg,1054
5707.jpg,597
5708.jpg,853
5709.jpg,1651
5710.jpg,1033
5711.jpg,1959
5712.jpg,1108
5713.jpg,528
5714.jpg,403
5715.jpg,1138
5716.jpg,605
5717.jpg,2280
5718.jpg,693
5719.jpg,348
5720.jpg,1099
5721.jpg,476
5722.jpg,695
5723.jpg,1068
5724.jpg,1266
5725.jpg,2115
5726.jpg,2145
5727.jpg,1651
5728.jpg,663
5729.jpg,1058
5730.jpg,601
5731.jpg,795
5732.jpg,334
5733.jpg,1303
5734.jpg,2136
5735.jpg,2042
5736.jpg,385
5737.jpg,1280
5738.jpg,2252
5739.jpg,1494
5740.jpg,294
5741.jpg,2035
5742.jpg,1041
5743.jpg,653
5744.jpg,1315
5745.jpg,2288
5746.jpg,1020
5747.jpg,472
5748.jpg,1772
5749.jpg,1504
5750.jpg,1699
5751.jpg,1232
5752.jpg,2173
5753.jpg,275
5754.jpg,605
5755.jpg,382
5756.jpg,1792
5757.jpg,1584
5758.jpg,33
5759.jpg,26
5760.jpg,1441
5761.jpg,847
5762.jpg,1981
5763.jpg,468
5764.jpg,715
5765.jpg,1625
5766.jpg,1381
5767.jpg,764
5768.jpg,1025
5769.jpg,785
5770.jpg,365
5771.jpg,1555
5772.jpg,1212
5773.jpg,895
5774.jpg,907
5775.jpg,1398
5776.jpg,1317
5777.jpg,1267
5778.jpg,705
5779.jpg,611
5780.jpg,1176
5781.jpg,143
5782.jpg,1078
5783.jpg,1608
5784.jpg,398
5785.jpg,874
5786.jpg,215
5787.jpg,1261
5788.jpg,226
5789.jpg,1932
5790.jpg,2167
5791.jpg,725
5792.jpg,944
5793.jpg,805
5794.jpg,1683
5795.jpg,855
5796.jpg,1817
5797.jpg,2117
5798.jpg,1621
5799.jpg,2102
5800.jpg,1309
5801.jpg,47
5802.jpg,1060
5803.jpg,571
5804.jpg,1078
5805.jpg,1499
5806.jpg,82
5807.jpg,1844
5808.jpg,839
5809.jpg,423
5810.jpg,978
5811.jpg,1718
5812.jpg,467
5813.jpg,737
5814.jpg,2290
5815.jpg,1443
5816.jpg,74
5817.jpg,494
5818.jpg,1350
5819.jpg,1836
5820.jpg,2064
5821.jpg,430
5822.jpg,946
5823.jpg,538
5824.jpg,1780
5825.jpg,1619
5826.jpg,478
5827.jpg,645
5828.jpg,1330
5829.jpg,128
5830.jpg,512
5831.jpg,365
5832.jpg,968
5833.jpg,2194
5834.jpg,1031
5835.jpg,1954
5836.jpg,615
5837.jpg,81
5838.jpg,833
5839.jpg,558
5840.jpg,2291
5841.jpg,816
5842.jpg,681
5843.jpg,627
5844.jpg,1522
5845.jpg,1350
5846.jpg,1643
5847.jpg,943
5848.jpg,1751
5849.jpg,980
5850.jpg,1164
5851.jpg,527
5852.jpg,1902
5853.jpg,1803
5854.jpg,1997
5855.jpg,304
5856.jpg,699
5857.jpg,210
5858.jpg,348
5859.jpg,692
5860.jpg,1546
5861.jpg,656
5862.jpg,1502
5863.jpg,2119
5864.jpg,1667
5865.jpg,174
5866.jpg,1802
5867.jpg,642
5868.jpg,1881
5869.jpg,1937
5870.jpg,2080
5871.jpg,1875
5872.jpg,2053
5873.jpg,2115
5874.jpg,1144
5875.jpg,933
5876.jpg,125
5877.jpg,1744
5878.jpg,1194
5879.jpg,81
5880.jpg,1626
5881.jpg,2013
5882.jpg,1029
5883.jpg,1108
5884.jpg,1322
5885.jpg,456
5886.jpg,1235
5887.jpg,1691
5888.jpg,950
5889.jpg,922
5890.jpg,581
5891.jpg,485
5892.jpg,1439
5893.jpg,1796
5894.jpg,2066
5895.jpg,1963
5896.jpg,621
5897.jpg,2101
5898.jpg,1435
5899.jpg,491
5900.jpg,848
5901.jpg,199
5902.jpg,653
5903.jpg,2076
5904.jpg,114
5905.jpg,2154
5906.jpg,313
5907.jpg,2059
5908.jpg,1816
5909.jpg,915
5910.jpg,266
5911.jpg,1196
5912.jpg,480
5913.jpg,1299
5914.jpg,1579
5915.jpg,1370
5916.jpg,1735
5917.jpg,926
5918.jpg,1649
5919.jpg,810
5920.jpg,102
5921.jpg,312
5922.jpg,1118
5923.jpg,14
5924.jpg,77
5925.jpg,385
5926.jpg,843
5927.jpg,275
5928.jpg,1793
5929.jpg,1410
5930.jpg,1306
5931.jpg,2141
5932.jpg,1587
5933.jpg,80
5934.jpg,1921
5935.jpg,1373
5936.jpg,998
5937.jpg,551
5938.jpg,568
5939.jpg,892
5940.jpg,2113
5941.jpg,872
5942.jpg,1220
5943.jpg,1352
5944.jpg,493
5945.jpg,716
5946.jpg,1492
5947.jpg,500
5948.jpg,147
5949.jpg,1967
5950.jpg,1863
5951.jpg,1465
5952.jpg,1069
5953.jpg,2221
5954.jpg,597
5955.jpg,496
5956.jpg,1777
5957.jpg,166
5958.jpg,1203
5959.jpg,1488
5960.jpg,1663
5961.jpg,981
5962.jpg,487
5963.jpg,224
5964.jpg,2088
5965.jpg,2232
5966.jpg,921
5967.jpg,800
5968.jpg,1030
5969.jpg,320
5970.jpg,1329
5971.jpg,1841
5972.jpg,632
5973.jpg,1182
5974.jpg,342
5975.jpg,370
5976.jpg,1548
5977.jpg,2100
5978.jpg,830
5979.jpg,597
5980.jpg,209
5981.jpg,2181
5982.jpg,1538
5983.jpg,1250
5984.jpg,1325
5985.jpg,2081
5986.jpg,5
5987.jpg,1464
5988.jpg,1393
5989.jpg,145
5990.jpg,649
5991.jpg,904
5992.jpg,2139
5993.jpg,598
5994.jpg,411
5995.jpg,339
5996.jpg,1213
5997.jpg,1134
5998.jpg,678
5999.jpg,908
6000.jpg,1363
6001.jpg,392
6002.jpg,1600
6003.jpg,408
6004.jpg,2264
6005.jpg,1925
6006.jpg,958
6007.jpg,1481
6008.jpg,1989
6009.jpg,2226
6010.jpg,2199
6011.jpg,1412
6012.jpg,1922
6013.jpg,1823
6014.jpg,1534
6015.jpg,1638
6016.jpg,335
6017.jpg,1989
6018.jpg,920
6019.jpg,103
6020.jpg,1240
6021.jpg,1007
6022.jpg,661
6023.jpg,1010
6024.jpg,1896
6025.jpg,367
6026.jpg,588
6027.jpg,992
6028.jpg,1617
6029.jpg,1836
6030.jpg,1945
6031.jpg,792
6032.jpg,1727
6033.jpg,2175
6034.jpg,1757
6035.jpg,2104
6036.jpg,2247
6037.jpg,1562
6038.jpg,21
6039.jpg,214
6040.jpg,1811
6041.jpg,805
6042.jpg,1051
6043.jpg,204
6044.jpg,680
6045.jpg,276
6046.jpg,1230
6047.jpg,1837
6048.jpg,133
6049.jpg,200
6050.jpg,650
6051.jpg,966
6052.jpg,801
6053.jpg,1373
6054.jpg,186
6055.jpg,30
6056.jpg,1737
6057.jpg,1833
6058.jpg,1101
6059.jpg,1252
6060.jpg,451
6061.jpg,2181
6062.jpg,22
6063.jpg,508
6064.jpg,1251
6065.jpg,2209
6066.jpg,1787
6067.jpg,1381
6068.jpg,1341
6069.jpg,991
6070.jpg,360
6071.jpg,169
6072.jpg,1045
6073.jpg,1173
6074.jpg,1415
6075.jpg,1316
6076.jpg,870
6077.jpg,1312
6078.jpg,2175
6079.jpg,2200
6080.jpg,878
6081.jpg,668
6082.jpg,849
6083.jpg,1516
6084.jpg,1243
6085.jpg,1578
6086.jpg,1163
6087.jpg,416
6088.jpg,1463
6089.jpg,222
6090.jpg,815
6091.jpg,406
6092.jpg,1255
6093.jpg,1372
6094.jpg,2083
6095.jpg,1901
6096.jpg,1748
6097.jpg,1226
6098.jpg,1838
6099.jpg,1027
6100.jpg,1568
6101.jpg,1447
6102.jpg,790
6103.jpg,1540
6104.jpg,2267
6105.jpg,242
6106.jpg,1101
6107.jpg,1739
6108.jpg,158
6109.jpg,1080
6110.jpg,488
6111.jpg,1485
6112.jpg,1947
6113.jpg,62
6114.jpg,1471
6115.jpg,2213
6116.jpg,2140
6117.jpg,524
6118.jpg,1729
6119.jpg,1752
6120.jpg,1391
6121.jpg,791
6122.jpg,186
6123.jpg,1831
6124.jpg,2270
6125.jpg,1352
6126.jpg,162
6127.jpg,560
6128.jpg,1256
6129.jpg,2129
6130.jpg,137
6131.jpg,1885
6132.jpg,2013
6133.jpg,1948
6134.jpg,2237
6135.jpg,1561
6136.jpg,1394
6137.jpg,1502
6138.jpg,1419
6139.jpg,1807
6140.jpg,1855
6141.jpg,765
6142.jpg,1724
6143.jpg,242
6144.jpg,274
6145.jpg,1899
6146.jpg,296
6147.jpg,892
6148.jpg,38
6149.jpg,762
6150.jpg,1971
6151.jpg,2183
6152.jpg,437
6153.jpg,1718
6154.jpg,29
6155.jpg,2231
6156.jpg,472
6157.jpg,1678
6158.jpg,104
6159.jpg,389
6160.jpg,756
6161.jpg,596
6162.jpg,683
6163.jpg,516
6164.jpg,142
6165.jpg,1852
6166.jpg,22
6167.jpg,128
6168.jpg,1287
6169.jpg,1494
6170.jpg,1668
6171.jpg,1196
6172.jpg,1798
6173.jpg,1061
6174.jpg,283
6175.jpg,1342
6176.jpg,373
6177.jpg,2137
6178.jpg,1759
6179.jpg,1176
6180.jpg,1164
6181.jpg,381
6182.jpg,1246
6183.jpg,1443
6184.jpg,212
6185.jpg,2196
6186.jpg,798
6187.jpg,1002
6188.jpg,2289
6189.jpg,1353
6190.jpg,1127
6191.jpg,560
6192.jpg,431
6193.jpg,687
6194.jpg,1979
6195.jpg,1162
6196.jpg,1291
6197.jpg,228
6198.jpg,678
6199.jpg,459
6200.jpg,1521
6201.jpg,1052
6202.jpg,843
6203.jpg,1507
6204.jpg,1665
6205.jpg,1971
6206.jpg,121
6207.jpg,400
6208.jpg,1530
6209.jpg,904
6210.jpg,208
6211.jpg,986
6212.jpg,813
6213.jpg,232
6214.jpg,552
6215.jpg,9
6216.jpg,1169
6217.jpg,663
6218.jpg,671
6219.jpg,105
6220.jpg,1400
6221.jpg,1671
6222.jpg,905
6223.jpg,2078
6224.jpg,1515
6225.jpg,682
6226.jpg,870
6227.jpg,919
6228.jpg,1221
6229.jpg,269
6230.jpg,1165
6231.jpg,1781
6232.jpg,352
6233.jpg,1523
6234.jpg,1012
6235.jpg,311
6236.jpg,2149
6237.jpg,635
6238.jpg,2104
6239.jpg,425
6240.jpg,1022
6241.jpg,795
6242.jpg,1304
6243.jpg,727
6244.jpg,196
6245.jpg,1454
6246.jpg,1282
6247.jpg,1981
6248.jpg,1195
6249.jpg,547
6250.jpg,1081
6251.jpg,1398
6252.jpg,1366
6253.jpg,898
6254.jpg,1686
6255.jpg,1780
6256.jpg,1791
6257.jpg,872
6258.jpg,1176
6259.jpg,1834
6260.jpg,2262
6261.jpg,1284
6262.jpg,473
6263.jpg,307
6264.jpg,1004
6265.jpg,502
6266.jpg,768
6267.jpg,297
6268.jpg,494
6269.jpg,831
6270.jpg,421
6271.jpg,1334
6272.jpg,2051
6273.jpg,799
6274.jpg,1614
6275.jpg,1656
6276.jpg,925
6277.jpg,1414
6278.jpg,1288
6279.jpg,272
6280.jpg,2008
6281.jpg,572
6282.jpg,1057
6283.jpg,3
6284.jpg,889
6285.jpg,1190
6286.jpg,392
6287.jpg,352
6288.jpg,1506
6289.jpg,1830
6290.jpg,1860
6291.jpg,255
6292.jpg,328
6293.jpg,1542
6294.jpg,473
6295.jpg,1901
6296.jpg,299
6297.jpg,364
6298.jpg,728
6299.jpg,1919
6300.jpg,401
6301.jpg,2166
6302.jpg,1143
6303.jpg,1870
6304.jpg,2206
6305.jpg,2019
6306.jpg,176
6307.jpg,1957
6308.jpg,2217
6309.jpg,281
6310.jpg,229
6311.jpg,480
6312.jpg,1367
6313.jpg,1099
6314.jpg,1712
6315.jpg,759
6316.jpg,714
6317.jpg,459
6318.jpg,420
6319.jpg,1153
6320.jpg,1395
6321.jpg,2268
6322.jpg,1169
6323.jpg,1067
6324.jpg,1397
6325.jpg,1826
6326.jpg,1849
6327.jpg,1865
6328.jpg,635
6329.jpg,543
6330.jpg,1461
6331.jpg,1753
6332.jpg,2048
6333.jpg,439
6334.jpg,1159
6335.jpg,1058
6336.jpg,2033
6337.jpg,1482
6338.jpg,808
6339.jpg,1342
6340.jpg,99
6341.jpg,2235
6342.jpg,2200
6343.jpg,1437
6344.jpg,1179
6345.jpg,416
6346.jpg,574
6347.jpg,1273
6348.jpg,504
6349.jpg,876
6350.jpg,720
6351.jpg,185
6352.jpg,76
6353.jpg,244
6354.jpg,2273
6355.jpg,925
6356.jpg,747
6357.jpg,2163
6358.jpg,1223
6359.jpg,1002
6360.jpg,554
6361.jpg,764
6362.jpg,1513
6363.jpg,2175
6364.jpg,1387
6365.jpg,1201
6366.jpg,2244
6367.jpg,480
6368.jpg,971
6369.jpg,1725
6370.jpg,1928
6371.jpg,1244
6372.jpg,768
6373.jpg,191
6374.jpg,1052
6375.jpg,2230
6376.jpg,1116
6377.jpg,1328
6378.jpg,82
6379.jpg,459
6380.jpg,308
6381.jpg,2178
6382.jpg,1393
6383.jpg,61
6384.jpg,1068
6385.jpg,319
6386.jpg,2036
6387.jpg,962
6388.jpg,1490
6389.jpg,1243
6390.jpg,1951
6391.jpg,1763
6392.jpg,1035
6393.jpg,75
6394.jpg,831
6395.jpg,656
6396.jpg,317
6397.jpg,37
6398.jpg,1645
6399.jpg,762
6400.jpg,407
6401.jpg,1653
6402.jpg,1739
6403.jpg,673
6404.jpg,123
6405.jpg,149
6406.jpg,1891
6407.jpg,1248
6408.jpg,59
6409.jpg,120
6410.jpg,1864
6411.jpg,707
6412.jpg,1223
6413.jpg,2227
6414.jpg,836
6415.jpg,1560
6416.jpg,1041
6417.jpg,2283
6418.jpg,1354
6419.jpg,739
6420.jpg,9
6421.jpg,2176
6422.jpg,395
6423.jpg,375
6424.jpg,2048
6425.jpg,1923
6426.jpg,1610
6427.jpg,674
6428.jpg,1798
6429.jpg,421
6430.jpg,444
6431.jpg,316
6432.jpg,108
6433.jpg,210
6434.jpg,1827
6435.jpg,746
6436.jpg,184
6437.jpg,1838
6438.jpg,158
6439.jpg,1664
6440.jpg,1202
6441.jpg,1632
6442.jpg,841
6443.jpg,477
6444.jpg,1794
6445.jpg,894
6446.jpg,1483
6447.jpg,2040
6448.jpg,1811
6449.jpg,1147
6450.jpg,540
6451.jpg,1066
6452.jpg,629
6453.jpg,2148
6454.jpg,791
6455.jpg,2077
6456.jpg,103
6457.jpg,864
6458.jpg,231
6459.jpg,1557
6460.jpg,1465
6461.jpg,1165
6462.jpg,1311
6463.jpg,461
6464.jpg,1174
6465.jpg,2287
6466.jpg,1409
6467.jpg,158
6468.jpg,368
6469.jpg,611
6470.jpg,161
6471.jpg,542
6472.jpg,2155
6473.jpg,393
6474.jpg,1117
6475.jpg,803
6476.jpg,1721
6477.jpg,1187
6478.jpg,165
6479.jpg,226
6480.jpg,2286
6481.jpg,258
6482.jpg,96
6483.jpg,187
6484.jpg,1830
6485.jpg,1846
6486.jpg,2223
6487.jpg,1348
6488.jpg,1048
6489.jpg,2190
6490.jpg,1380
6491.jpg,1478
6492.jpg,1460
6493.jpg,909
6494.jpg,201
6495.jpg,696
6496.jpg,1086
6497.jpg,1669
6498.jpg,950
6499.jpg,1310
6500.jpg,1752
6501.jpg,977
6502.jpg,2232
6503.jpg,603
6504.jpg,734
6505.jpg,1528
6506.jpg,1317
6507.jpg,966
6508.jpg,957
6509.jpg,256
6510.jpg,1298
6511.jpg,996
6512.jpg,896
6513.jpg,1887
6514.jpg,2179
6515.jpg,1639
6516.jpg,217
6517.jpg,2000
6518.jpg,2166
6519.jpg,1228
6520.jpg,1492
6521.jpg,479
6522.jpg,292
6523.jpg,1592
6524.jpg,1538
6525.jpg,1659
6526.jpg,2003
6527.jpg,144
6528.jpg,23
6529.jpg,1700
6530.jpg,1087
6531.jpg,918
6532.jpg,1329
6533.jpg,217
6534.jpg,1837
6535.jpg,1160
6536.jpg,2220
6537.jpg,1608
6538.jpg,1016
6539.jpg,2298
6540.jpg,916
6541.jpg,2
6542.jpg,204
6543.jpg,1924
6544.jpg,1770
6545.jpg,1554
6546.jpg,397
6547.jpg,970
6548.jpg,397
6549.jpg,450
6550.jpg,160
6551.jpg,2082
6552.jpg,469
6553.jpg,975
6554.jpg,1653
6555.jpg,266
6556.jpg,1178
6557.jpg,481
6558.jpg,173
6559.jpg,900
6560.jpg,2009
6561.jpg,2146
6562.jpg,5
6563.jpg,937
6564.jpg,1905
6565.jpg,1660
6566.jpg,1675
6567.jpg,1233
6568.jpg,114
6569.jpg,1760
6570.jpg,428
6571.jpg,2245
6572.jpg,1546
6573.jpg,247
6574.jpg,1007
6575.jpg,376
6576.jpg,1021
6577.jpg,901
6578.jpg,1879
6579.jpg,2231
6580.jpg,622
6581.jpg,260
6582.jpg,924
6583.jpg,1949
6584.jpg,1112
6585.jpg,844
6586.jpg,1272
6587.jpg,765
6588.jpg,503
6589.jpg,168
6590.jpg,21
6591.jpg,2112
6592.jpg,1649
6593.jpg,888
6594.jpg,1640
6595.jpg,1410
6596.jpg,1356
6597.jpg,2061
6598.jpg,862
6599.jpg,2279
6600.jpg,901
6601.jpg,2217
6602.jpg,1182
6603.jpg,2260
6604.jpg,2181
6605.jpg,452
6606.jpg,2192
6607.jpg,1471
6608.jpg,299
6609.jpg,183
6610.jpg,1008
6611.jpg,671
6612.jpg,2030
6613.jpg,503
6614.jpg,33
6615.jpg,960
6616.jpg,664
6617.jpg,443
6618.jpg,348
6619.jpg,492
6620.jpg,1736
6621.jpg,797
6622.jpg,38
6623.jpg,107
6624.jpg,463
6625.jpg,721
6626.jpg,1315
6627.jpg,119
6628.jpg,1991
6629.jpg,1113
6630.jpg,1549
6631.jpg,1289
6632.jpg,468
6633.jpg,444
6634.jpg,1556
6635.jpg,2026
6636.jpg,207
6637.jpg,1954
6638.jpg,1525
6639.jpg,2195
6640.jpg,2087
6641.jpg,15
6642.jpg,2201
6643.jpg,952
6644.jpg,76
6645.jpg,2092
6646.jpg,931
6647.jpg,228
6648.jpg,1093
6649.jpg,1497
6650.jpg,155
6651.jpg,1647
6652.jpg,647
6653.jpg,1590
6654.jpg,1433
6655.jpg,1128
6656.jpg,2177
6657.jpg,68
6658.jpg,1316
6659.jpg,2236
6660.jpg,1084
6661.jpg,259
6662.jpg,2246
6663.jpg,961
6664.jpg,1349
6665.jpg,1867
6666.jpg,2016
6667.jpg,245
6668.jpg,677
6669.jpg,1428
6670.jpg,300
6671.jpg,446
6672.jpg,1171
6673.jpg,1405
6674.jpg,1237
6675.jpg,630
6676.jpg,1707
6677.jpg,803
6678.jpg,1551
6679.jpg,1862
6680.jpg,265
6681.jpg,1054
6682.jpg,2025
6683.jpg,180
6684.jpg,891
6685.jpg,559
6686.jpg,2265
6687.jpg,348
6688.jpg,2034
6689.jpg,1810
6690.jpg,1524
6691.jpg,1279
6692.jpg,454
6693.jpg,1884
6694.jpg,645
6695.jpg,561
6696.jpg,317
6697.jpg,1477
6698.jpg,1669
6699.jpg,1170
6700.jpg,229
6701.jpg,1459
6702.jpg,498
6703.jpg,1467
6704.jpg,383
6705.jpg,1601
6706.jpg,1821
6707.jpg,1299
6708.jpg,1770
6709.jpg,1211
6710.jpg,517
6711.jpg,893
6712.jpg,1764
6713.jpg,1834
6714.jpg,998
6715.jpg,139
6716.jpg,1047
6717.jpg,1595
6718.jpg,258
6719.jpg,273
6720.jpg,962
6721.jpg,1176
6722.jpg,441
6723.jpg,726
6724.jpg,1240
6725.jpg,1504
6726.jpg,1344
6727.jpg,525
6728.jpg,1048
6729.jpg,2280
6730.jpg,1015
6731.jpg,1472
6732.jpg,1249
6733.jpg,1224
6734.jpg,657
6735.jpg,2067
6736.jpg,1441
6737.jpg,446
6738.jpg,1097
6739.jpg,2187
6740.jpg,1410
6741.jpg,2212
6742.jpg,1609
6743.jpg,360
6744.jpg,1507
6745.jpg,266
6746.jpg,567
6747.jpg,1036
6748.jpg,138
6749.jpg,174
6750.jpg,647
6751.jpg,2175
6752.jpg,1887
6753.jpg,2252
6754.jpg,1762
6755.jpg,364
6756.jpg,1206
6757.jpg,769
6758.jpg,1936
6759.jpg,1270
6760.jpg,2275
6761.jpg,1237
6762.jpg,1651
6763.jpg,89
6764.jpg,598
6765.jpg,1296
6766.jpg,1893
6767.jpg,1901
6768.jpg,852
6769.jpg,1687
6770.jpg,1203
6771.jpg,1302
6772.jpg,2083
6773.jpg,1987
6774.jpg,1676
6775.jpg,517
6776.jpg,1605
6777.jpg,645
6778.jpg,1537
6779.jpg,2090
6780.jpg,1853
6781.jpg,509
6782.jpg,1521
6783.jpg,1275
6784.jpg,1023
6785.jpg,596
6786.jpg,2106
6787.jpg,1644
6788.jpg,351
6789.jpg,1674
6790.jpg,1320
6791.jpg,2014
6792.jpg,1888
6793.jpg,523
6794.jpg,2196
6795.jpg,58
6796.jpg,1406
6797.jpg,380
6798.jpg,1081
6799.jpg,1501
6800.jpg,129
6801.jpg,1962
6802.jpg,1615
6803.jpg,1545
6804.jpg,90
6805.jpg,270
6806.jpg,1446
6807.jpg,1677
6808.jpg,970
6809.jpg,544
6810.jpg,1990
6811.jpg,721
6812.jpg,2017
6813.jpg,32
6814.jpg,1138
6815.jpg,722
6816.jpg,1486
6817.jpg,420
6818.jpg,5
6819.jpg,2059
6820.jpg,807
6821.jpg,1166
6822.jpg,185
6823.jpg,1712
6824.jpg,1603
6825.jpg,676
6826.jpg,423
6827.jpg,760
6828.jpg,1723
6829.jpg,1842
6830.jpg,771
6831.jpg,1472
6832.jpg,758
6833.jpg,73
6834.jpg,1723
6835.jpg,488
6836.jpg,64
6837.jpg,714
6838.jpg,1073
6839.jpg,2159
6840.jpg,1363
6841.jpg,894
6842.jpg,1510
6843.jpg,550
6844.jpg,707
6845.jpg,197
6846.jpg,1548
6847.jpg,1570
6848.jpg,29
6849.jpg,369
6850.jpg,987
6851.jpg,1548
6852.jpg,2029
6853.jpg,2000
6854.jpg,613
6855.jpg,1024
6856.jpg,2137
6857.jpg,537
6858.jpg,1615
6859.jpg,1636
6860.jpg,1633
6861.jpg,2266
6862.jpg,518
6863.jpg,1592
6864.jpg,932
6865.jpg,1776
6866.jpg,1687
6867.jpg,290
6868.jpg,1672
6869.jpg,655
6870.jpg,1559
6871.jpg,381
6872.jpg,332
6873.jpg,35
6874.jpg,2138
6875.jpg,646
6876.jpg,1537
6877.jpg,5
6878.jpg,1728
6879.jpg,2041
6880.jpg,1522
6881.jpg,206
6882.jpg,1016
6883.jpg,470
6884.jpg,1191
6885.jpg,306
6886.jpg,1904
6887.jpg,1925
6888.jpg,268
6889.jpg,761
6890.jpg,1033
6891.jpg,641
6892.jpg,1679
6893.jpg,2068
6894.jpg,1228
6895.jpg,785
6896.jpg,2010
6897.jpg,1991
6898.jpg,547
6899.jpg,1807
6900.jpg,1855
6901.jpg,2119
6902.jpg,1914
6903.jpg,687
6904.jpg,2259
6905.jpg,820
6906.jpg,1451
6907.jpg,1807
6908.jpg,356
6909.jpg,1184
6910.jpg,383
6911.jpg,1371
6912.jpg,1624
6913.jpg,1354
6914.jpg,1178
6915.jpg,462
6916.jpg,1999
6917.jpg,868
6918.jpg,223
6919.jpg,2120
6920.jpg,490
6921.jpg,646
6922.jpg,1167
6923.jpg,1860
6924.jpg,661
6925.jpg,1076
6926.jpg,577
6927.jpg,1071
6928.jpg,984
6929.jpg,390
6930.jpg,123
6931.jpg,248
6932.jpg,896
6933.jpg,25
6934.jpg,490
6935.jpg,1294
6936.jpg,486
6937.jpg,1770
6938.jpg,241
6939.jpg,1571
6940.jpg,1547
6941.jpg,1226
6942.jpg,1304
6943.jpg,773
6944.jpg,1716
6945.jpg,87
6946.jpg,309
6947.jpg,161
6948.jpg,2153
6949.jpg,1490
6950.jpg,2021
6951.jpg,1427
6952.jpg,460
6953.jpg,18
6954.jpg,17
6955.jpg,298
6956.jpg,354
6957.jpg,1658
6958.jpg,66
6959.jpg,1520
6960.jpg,1330
6961.jpg,1810
6962.jpg,1587
6963.jpg,781
6964.jpg,48
6965.jpg,1585
6966.jpg,153
6967.jpg,1726
6968.jpg,1724
6969.jpg,685
6970.jpg,1651
6971.jpg,998
6972.jpg,1435
6973.jpg,761
6974.jpg,353
6975.jpg,1952
6976.jpg,301
6977.jpg,964
6978.jpg,647
6979.jpg,1622
6980.jpg,1793
6981.jpg,1839
6982.jpg,1455
6983.jpg,792
6984.jpg,1418
6985.jpg,1855
6986.jpg,615
6987.jpg,2
6988.jpg,359
6989.jpg,1818
6990.jpg,169
6991.jpg,1500
6992.jpg,327
6993.jpg,1238
6994.jpg,1157
6995.jpg,560
6996.jpg,1300
6997.jpg,734
6998.jpg,190
6999.jpg,1757
7000.jpg,2267
7001.jpg,418
7002.jpg,258
7003.jpg,1456
7004.jpg,865
7005.jpg,884
7006.jpg,1755
7007.jpg,289
7008.jpg,1595
7009.jpg,1847
7010.jpg,1801
7011.jpg,733
7012.jpg,34
7013.jpg,177
7014.jpg,1183
7015.jpg,1360
7016.jpg,97
7017.jpg,643
7018.jpg,740
7019.jpg,101
7020.jpg,143
7021.jpg,1681
7022.jpg,218
7023.jpg,1411
7024.jpg,538
7025.jpg,571
7026.jpg,1382
7027.jpg,75
7028.jpg,694
7029.jpg,1291
7030.jpg,808
7031.jpg,513
7032.jpg,1690
7033.jpg,1650
7034.jpg,1470
7035.jpg,971
7036.jpg,1057
7037.jpg,2024
7038.jpg,688
7039.jpg,1960
7040.jpg,1844
7041.jpg,732
7042.jpg,1510
7043.jpg,1563
7044.jpg,1955
7045.jpg,642
7046.jpg,1306
7047.jpg,651
7048.jpg,1501
7049.jpg,1773
7050.jpg,113
7051.jpg,993
7052.jpg,676
7053.jpg,1031
7054.jpg,14
7055.jpg,1004
7056.jpg,20
7057.jpg,716
7058.jpg,780
7059.jpg,378
7060.jpg,1047
7061.jpg,2010
7062.jpg,2017
7063.jpg,1009
7064.jpg,980
7065.jpg,2217
7066.jpg,625
7067.jpg,1046
7068.jpg,2294
7069.jpg,1134
7070.jpg,2001
7071.jpg,2044
7072.jpg,626
7073.jpg,778
7074.jpg,1260
7075.jpg,1948
7076.jpg,1073
7077.jpg,124
7078.jpg,1851
7079.jpg,2072
7080.jpg,2035
7081.jpg,1315
7082.jpg,131
7083.jpg,315
7084.jpg,110
7085.jpg,372
7086.jpg,322
7087.jpg,379
7088.jpg,587
7089.jpg,1387
7090.jpg,2288
7091.jpg,758
7092.jpg,1216
7093.jpg,77
7094.jpg,1356
7095.jpg,1384
7096.jpg,1884
7097.jpg,1482
7098.jpg,2176
7099.jpg,1920
7100.jpg,2073
7101.jpg,1391
7102.jpg,1319
7103.jpg,2074
7104.jpg,1191
7105.jpg,1449
7106.jpg,823
7107.jpg,2075
7108.jpg,829
7109.jpg,1645
7110.jpg,2139
7111.jpg,515
7112.jpg,2249
7113.jpg,1287
7114.jpg,413
7115.jpg,958
7116.jpg,1135
7117.jpg,1688
7118.jpg,2284
7119.jpg,2189
7120.jpg,1422
7121.jpg,2071
7122.jpg,321
7123.jpg,324
7124.jpg,841
7125.jpg,1839
7126.jpg,2097
7127.jpg,815
7128.jpg,302
7129.jpg,1258
7130.jpg,826
7131.jpg,1419
7132.jpg,1061
7133.jpg,2010
7134.jpg,728
7135.jpg,175
7136.jpg,628
7137.jpg,1622
7138.jpg,524
7139.jpg,483
7140.jpg,301
7141.jpg,1778
7142.jpg,386
7143.jpg,764
7144.jpg,305
7145.jpg,1277
7146.jpg,963
7147.jpg,480
7148.jpg,83
7149.jpg,838
7150.jpg,2227
7151.jpg,1286
7152.jpg,1542
7153.jpg,131
7154.jpg,45
7155.jpg,709
7156.jpg,1534
7157.jpg,236
7158.jpg,2261
7159.jpg,411
7160.jpg,1247
7161.jpg,1824
7162.jpg,60
7163.jpg,295
7164.jpg,1910
7165.jpg,1475
7166.jpg,63
7167.jpg,1630
7168.jpg,1828
7169.jpg,68
7170.jpg,1255
7171.jpg,1659
7172.jpg,1358
7173.jpg,1283
7174.jpg,1326
7175.jpg,835
7176.jpg,722
7177.jpg,2073
7178.jpg,2135
7179.jpg,2072
7180.jpg,1269
7181.jpg,2229
7182.jpg,2006
7183.jpg,1105
7184.jpg,1735
7185.jpg,499
7186.jpg,1543
7187.jpg,505
7188.jpg,915
7189.jpg,870
7190.jpg,1682
7191.jpg,866
7192.jpg,654
7193.jpg,828
7194.jpg,749
7195.jpg,2190
7196.jpg,1718
7197.jpg,2172
7198.jpg,997
7199.jpg,1354
7200.jpg,366
7201.jpg,170
7202.jpg,150
7203.jpg,1770
7204.jpg,191
7205.jpg,1544
7206.jpg,1103
7207.jpg,1716
7208.jpg,1327
7209.jpg,1840
7210.jpg,1187
7211.jpg,1001
7212.jpg,1259
7213.jpg,23
7214.jpg,340
7215.jpg,2176
7216.jpg,535
7217.jpg,608
7218.jpg,187
7219.jpg,223
7220.jpg,1115
7221.jpg,17
7222.jpg,2082
7223.jpg,2025
7224.jpg,1944
7225.jpg,1168
7226.jpg,440
7227.jpg,2018
7228.jpg,2095
7229.jpg,827
7230.jpg,1402
7231.jpg,1657
7232.jpg,1790
7233.jpg,0
7234.jpg,1613
7235.jpg,1882
7236.jpg,2110
7237.jpg,930
7238.jpg,1312
7239.jpg,1120
7240.jpg,925
7241.jpg,967
7242.jpg,234
7243.jpg,151
7244.jpg,1761
7245.jpg,1131
7246.jpg,2293
7247.jpg,1005
7248.jpg,607
7249.jpg,579
7250.jpg,638
7251.jpg,2050
7252.jpg,1139
7253.jpg,2222
7254.jpg,640
7255.jpg,675
7256.jpg,159
7257.jpg,974
7258.jpg,490
7259.jpg,1069
7260.jpg,361
7261.jpg,29
7262.jpg,93
7263.jpg,1440
7264.jpg,1346
7265.jpg,1236
7266.jpg,91
7267.jpg,2264
7268.jpg,194
7269.jpg,1236
7270.jpg,1430
7271.jpg,749
7272.jpg,378
7273.jpg,51
7274.jpg,454
7275.jpg,636
7276.jpg,2206
7277.jpg,523
7278.jpg,903
7279.jpg,2111
7280.jpg,6
7281.jpg,1662
7282.jpg,230
7283.jpg,1452
7284.jpg,424
7285.jpg,678
7286.jpg,1635
7287.jpg,692
7288.jpg,1961
7289.jpg,1180
7290.jpg,237
7291.jpg,643
7292.jpg,1398
7293.jpg,1784
7294.jpg,1188
7295.jpg,1949
7296.jpg,824
7297.jpg,1769
7298.jpg,485
7299.jpg,1647
7300.jpg,662
7301.jpg,319
7302.jpg,1890
7303.jpg,134
7304.jpg,39
7305.jpg,1913
7306.jpg,578
7307.jpg,2094
7308.jpg,1919
7309.jpg,921
7310.jpg,227
7311.jpg,1883
7312.jpg,953
7313.jpg,42
7314.jpg,1812
7315.jpg,743
7316.jpg,1044
7317.jpg,878
7318.jpg,1511
7319.jpg,426
7320.jpg,1960
7321.jpg,508
7322.jpg,1141
7323.jpg,975
7324.jpg,148
7325.jpg,1654
7326.jpg,325
7327.jpg,1969
7328.jpg,1152
7329.jpg,1819
7330.jpg,2244
7331.jpg,1654
7332.jpg,2269
7333.jpg,2086
7334.jpg,1227
7335.jpg,755
7336.jpg,750
7337.jpg,724
7338.jpg,1768
7339.jpg,2243
7340.jpg,471
7341.jpg,1695
7342.jpg,178
7343.jpg,789
7344.jpg,1168
7345.jpg,226
7346.jpg,1901
7347.jpg,1059
7348.jpg,348
7349.jpg,1791
7350.jpg,970
7351.jpg,1940
7352.jpg,230
7353.jpg,1979
7354.jpg,2197
7355.jpg,934
7356.jpg,928
7357.jpg,336
7358.jpg,1307
7359.jpg,942
7360.jpg,1692
7361.jpg,1467
7362.jpg,1965
7363.jpg,1985
7364.jpg,252
7365.jpg,1322
7366.jpg,43
7367.jpg,1272
7368.jpg,1977
7369.jpg,2066
7370.jpg,248
7371.jpg,2246
7372.jpg,1365
7373.jpg,626
7374.jpg,1318
7375.jpg,894
7376.jpg,1536
7377.jpg,1004
7378.jpg,1896
7379.jpg,434
7380.jpg,1566
7381.jpg,2110
7382.jpg,307
7383.jpg,1968
7384.jpg,835
7385.jpg,675
7386.jpg,2298
7387.jpg,1417
7388.jpg,2289
7389.jpg,1037
7390.jpg,1417
7391.jpg,2056
7392.jpg,1726
7393.jpg,2065
7394.jpg,452
7395.jpg,1713
7396.jpg,669
7397.jpg,973
7398.jpg,2209
7399.jpg,1012
7400.jpg,1126
7401.jpg,2112
7402.jpg,1056
7403.jpg,1900
7404.jpg,1221
7405.jpg,1737
7406.jpg,240
7407.jpg,594
7408.jpg,1418
7409.jpg,1935
7410.jpg,1727
7411.jpg,1852
7412.jpg,934
7413.jpg,1111
7414.jpg,229
7415.jpg,633
7416.jpg,1972
7417.jpg,549
7418.jpg,1264
7419.jpg,1275
7420.jpg,180
7421.jpg,1674
7422.jpg,1287
7423.jpg,1923
7424.jpg,203
7425.jpg,175
7426.jpg,698
7427.jpg,502
7428.jpg,683
7429.jpg,298
7430.jpg,917
7431.jpg,1091
7432.jpg,321
7433.jpg,1378
7434.jpg,1232
7435.jpg,1404
7436.jpg,200
7437.jpg,910
7438.jpg,1005
7439.jpg,1575
7440.jpg,264
7441.jpg,1177
7442.jpg,254
7443.jpg,188
7444.jpg,1585
7445.jpg,1618
7446.jpg,573
7447.jpg,1286
7448.jpg,141
7449.jpg,1615
7450.jpg,1156
7451.jpg,2278
7452.jpg,72
7453.jpg,652
7454.jpg,494
7455.jpg,1314
7456.jpg,1424
7457.jpg,1429
7458.jpg,960
7459.jpg,2157
7460.jpg,2101
7461.jpg,541
7462.jpg,750
7463.jpg,2296
7464.jpg,1284
7465.jpg,1770
7466.jpg,1081
7467.jpg,2101
7468.jpg,849
7469.jpg,2187
7470.jpg,838
7471.jpg,1597
7472.jpg,1956
7473.jpg,426
7474.jpg,1106
7475.jpg,2119
7476.jpg,1009
7477.jpg,546
7478.jpg,1247
7479.jpg,188
7480.jpg,314
7481.jpg,1162
7482.jpg,831
7483.jpg,127
7484.jpg,1038
7485.jpg,744
7486.jpg,657
7487.jpg,1859
7488.jpg,540
7489.jpg,95
7490.jpg,1645
7491.jpg,1745
7492.jpg,1079
7493.jpg,1017
7494.jpg,145
7495.jpg,1964
7496.jpg,1795
7497.jpg,1150
7498.jpg,638
7499.jpg,43
7500.jpg,1978
7501.jpg,632
7502.jpg,523
7503.jpg,1454
7504.jpg,942
7505.jpg,885
7506.jpg,300
7507.jpg,351
7508.jpg,1903
7509.jpg,775
7510.jpg,533
7511.jpg,1986
7512.jpg,988
7513.jpg,1426
7514.jpg,1302
7515.jpg,690
7516.jpg,1395
7517.jpg,1104
7518.jpg,442
7519.jpg,280
7520.jpg,1766
7521.jpg,941
7522.jpg,904
7523.jpg,2158
7524.jpg,2153
7525.jpg,264
7526.jpg,684
7527.jpg,1996
7528.jpg,886
7529.jpg,1473
7530.jpg,753
7531.jpg,2159
7532.jpg,232
7533.jpg,2294
7534.jpg,614
7535.jpg,595
7536.jpg,1147
7537.jpg,583
7538.jpg,1275
7539.jpg,2238
7540.jpg,191
7541.jpg,754
7542.jpg,1260
7543.jpg,763
7544.jpg,2256
7545.jpg,349
7546.jpg,2034
7547.jpg,1524
7548.jpg,174
7549.jpg,183
7550.jpg,674
7551.jpg,2187
7552.jpg,1405
7553.jpg,2009
7554.jpg,41
7555.jpg,1311
7556.jpg,666
7557.jpg,1096
7558.jpg,126
7559.jpg,1258
7560.jpg,542
7561.jpg,861
7562.jpg,1364
7563.jpg,1467
7564.jpg,1968
7565.jpg,1440
7566.jpg,419
7567.jpg,1414
7568.jpg,67
7569.jpg,1003
7570.jpg,1867
7571.jpg,1803
7572.jpg,1440
7573.jpg,1555
7574.jpg,1297
7575.jpg,345
7576.jpg,1162
7577.jpg,2220
7578.jpg,875
7579.jpg,550
7580.jpg,1795
7581.jpg,13
7582.jpg,90
7583.jpg,1017
7584.jpg,2029
7585.jpg,2193
7586.jpg,1207
7587.jpg,225
7588.jpg,898
7589.jpg,1013
7590.jpg,1168
7591.jpg,257
7592.jpg,1944
7593.jpg,2150
7594.jpg,2219
7595.jpg,1095
7596.jpg,1204
7597.jpg,387
7598.jpg,2146
7599.jpg,2042
7600.jpg,261
7601.jpg,1352
7602.jpg,1147
7603.jpg,1096
7604.jpg,837
7605.jpg,1778
7606.jpg,509
7607.jpg,760
7608.jpg,1401
7609.jpg,2186
7610.jpg,1097
7611.jpg,157
7612.jpg,1448
7613.jpg,484
7614.jpg,1176
7615.jpg,935
7616.jpg,214
7617.jpg,803
7618.jpg,2012
7619.jpg,1816
7620.jpg,548
7621.jpg,850
7622.jpg,928
7623.jpg,534
7624.jpg,1388
7625.jpg,685
7626.jpg,914
7627.jpg,640
7628.jpg,2045
7629.jpg,2250
7630.jpg,78
7631.jpg,146
7632.jpg,1347
7633.jpg,1053
7634.jpg,1034
7635.jpg,1688
7636.jpg,1528
7637.jpg,230
7638.jpg,1
7639.jpg,2116
7640.jpg,1175
7641.jpg,563
7642.jpg,811
7643.jpg,164
7644.jpg,1939
7645.jpg,166
7646.jpg,1952
7647.jpg,2003
7648.jpg,57
7649.jpg,2002
7650.jpg,741
7651.jpg,1407
7652.jpg,1693
7653.jpg,1249
7654.jpg,1061
7655.jpg,1937
7656.jpg,2204
7657.jpg,887
7658.jpg,1328
7659.jpg,2184
7660.jpg,823
7661.jpg,51
7662.jpg,1889
7663.jpg,1916
7664.jpg,2249
7665.jpg,708
7666.jpg,1006
7667.jpg,2111
7668.jpg,1487
7669.jpg,1920
7670.jpg,1158
7671.jpg,1721
7672.jpg,562
7673.jpg,1082
7674.jpg,776
7675.jpg,1951
7676.jpg,502
7677.jpg,1858
7678.jpg,27
7679.jpg,265
7680.jpg,1313
7681.jpg,521
7682.jpg,1112
7683.jpg,1555
7684.jpg,291
7685.jpg,1995
7686.jpg,1461
7687.jpg,134
7688.jpg,529
7689.jpg,1361
7690.jpg,1549
7691.jpg,1912
7692.jpg,975
7693.jpg,955
7694.jpg,2232
7695.jpg,2118
7696.jpg,1662
7697.jpg,1620
7698.jpg,1128
7699.jpg,743
7700.jpg,1065
7701.jpg,1501
7702.jpg,2039
7703.jpg,1597
7704.jpg,1123
7705.jpg,1691
7706.jpg,1779
7707.jpg,2124
7708.jpg,529
7709.jpg,2039
7710.jpg,371
7711.jpg,744
7712.jpg,369
7713.jpg,1113
7714.jpg,1569
7715.jpg,2209
7716.jpg,751
7717.jpg,890
7718.jpg,2169
7719.jpg,860
7720.jpg,2240
7721.jpg,831
7722.jpg,552
7723.jpg,574
7724.jpg,403
7725.jpg,1038
7726.jpg,725
7727.jpg,2276
7728.jpg,101
7729.jpg,612
7730.jpg,1292
7731.jpg,1291
7732.jpg,1613
7733.jpg,1872
7734.jpg,384
7735.jpg,22
7736.jpg,585
7737.jpg,2132
7738.jpg,1747
7739.jpg,1826
7740.jpg,1399
7741.jpg,719
7742.jpg,1686
7743.jpg,254
7744.jpg,361
7745.jpg,1089
7746.jpg,1469
7747.jpg,1231
7748.jpg,192
7749.jpg,1194
7750.jpg,90
7751.jpg,663
7752.jpg,2098
7753.jpg,168
7754.jpg,1962
7755.jpg,114
7756.jpg,2052
7757.jpg,685
7758.jpg,33
7759.jpg,1032
7760.jpg,1442
7761.jpg,1548
7762.jpg,1358
7763.jpg,213
7764.jpg,652
7765.jpg,1163
7766.jpg,342
7767.jpg,797
7768.jpg,1056
7769.jpg,91
7770.jpg,2263
7771.jpg,2112
7772.jpg,840
7773.jpg,564
7774.jpg,394
7775.jpg,1999
7776.jpg,1093
7777.jpg,2143
7778.jpg,2054
7779.jpg,1822
7780.jpg,2234
7781.jpg,1574
7782.jpg,954
7783.jpg,1775
7784.jpg,1487
7785.jpg,1416
7786.jpg,1350
7787.jpg,1554
7788.jpg,695
7789.jpg,1599
7790.jpg,1833
7791.jpg,2005
7792.jpg,357
7793.jpg,1223
7794.jpg,1440
7795.jpg,1918
7796.jpg,1990
7797.jpg,180
7798.jpg,1385
7799.jpg,1941
7800.jpg,1383
7801.jpg,559
7802.jpg,1181
7803.jpg,1148
7804.jpg,715
7805.jpg,243
7806.jpg,72
7807.jpg,86
7808.jpg,956
7809.jpg,763
7810.jpg,1509
7811.jpg,1171
7812.jpg,1560
7813.jpg,458
7814.jpg,2211
7815.jpg,394
7816.jpg,1083
7817.jpg,200
7818.jpg,2225
7819.jpg,1531
7820.jpg,1929
7821.jpg,674
7822.jpg,1957
7823.jpg,1022
7824.jpg,1462
7825.jpg,83
7826.jpg,1331
7827.jpg,57
7828.jpg,2214
7829.jpg,34
7830.jpg,1698
7831.jpg,427
7832.jpg,2194
7833.jpg,723
7834.jpg,2065
7835.jpg,2089
7836.jpg,835
7837.jpg,1438
7838.jpg,1040
7839.jpg,1290
7840.jpg,1799
7841.jpg,650
7842.jpg,1346
7843.jpg,2249
7844.jpg,1674
7845.jpg,2004
7846.jpg,561
7847.jpg,801
7848.jpg,1722
7849.jpg,1199
7850.jpg,1453
7851.jpg,1961
7852.jpg,1350
7853.jpg,1891
7854.jpg,1887
7855.jpg,1391
7856.jpg,1774
7857.jpg,178
7858.jpg,31
7859.jpg,1803
7860.jpg,1308
7861.jpg,1456
7862.jpg,767
7863.jpg,1114
7864.jpg,634
7865.jpg,1343
7866.jpg,429
7867.jpg,1322
7868.jpg,1431
7869.jpg,1515
7870.jpg,461
7871.jpg,1472
7872.jpg,1212
7873.jpg,1491
7874.jpg,1881
7875.jpg,306
7876.jpg,1236
7877.jpg,582
7878.jpg,1329
7879.jpg,730
7880.jpg,2165
7881.jpg,2143
7882.jpg,1053
7883.jpg,864
7884.jpg,959
7885.jpg,539
7886.jpg,137
7887.jpg,1143
7888.jpg,367
7889.jpg,190
7890.jpg,1564
7891.jpg,1522
7892.jpg,1256
7893.jpg,748
7894.jpg,843
7895.jpg,189
7896.jpg,389
7897.jpg,788
7898.jpg,318
7899.jpg,129
7900.jpg,798
7901.jpg,143
7902.jpg,409
7903.jpg,1094
7904.jpg,1594
7905.jpg,2076
7906.jpg,109
7907.jpg,203
7908.jpg,871
7909.jpg,1146
7910.jpg,1473
7911.jpg,2068
7912.jpg,1760
7913.jpg,1180
7914.jpg,871
7915.jpg,1200
7916.jpg,1184
7917.jpg,1784
7918.jpg,601
7919.jpg,1006
7920.jpg,673
7921.jpg,34
7922.jpg,1438
7923.jpg,1692
7924.jpg,898
7925.jpg,1284
7926.jpg,1553
7927.jpg,619
7928.jpg,2272
7929.jpg,1356
7930.jpg,1652
7931.jpg,1250
7932.jpg,320
7933.jpg,1051
7934.jpg,483
7935.jpg,591
7936.jpg,1923
7937.jpg,1261
7938.jpg,2086
7939.jpg,1605
7940.jpg,863
7941.jpg,2
7942.jpg,309
7943.jpg,1618
7944.jpg,1001
7945.jpg,2283
7946.jpg,507
7947.jpg,991
7948.jpg,2248
7949.jpg,1765
7950.jpg,2259
7951.jpg,586
7952.jpg,781
7953.jpg,151
7954.jpg,564
7955.jpg,1929
7956.jpg,2150
7957.jpg,2062
7958.jpg,1822
7959.jpg,876
7960.jpg,208
7961.jpg,1805
7962.jpg,13
7963.jpg,2176
7964.jpg,51
7965.jpg,478
7966.jpg,112
7967.jpg,1217
7968.jpg,1515
7969.jpg,1961
7970.jpg,1242
7971.jpg,1710
7972.jpg,2008
7973.jpg,590
7974.jpg,1468
7975.jpg,1019
7976.jpg,799
7977.jpg,544
7978.jpg,106
7979.jpg,249
7980.jpg,842
7981.jpg,1179
7982.jpg,55
7983.jpg,965
7984.jpg,1861
7985.jpg,1469
7986.jpg,516
7987.jpg,1177
7988.jpg,546
7989.jpg,1230
7990.jpg,1288
7991.jpg,156
7992.jpg,1760
7993.jpg,1809
7994.jpg,1938
7995.jpg,323
7996.jpg,1693
7997.jpg,1130
7998.jpg,783
7999.jpg,775
8000.jpg,733
8001.jpg,95
8002.jpg,899
8003.jpg,887
8004.jpg,1070
8005.jpg,183
8006.jpg,2190
8007.jpg,1582
8008.jpg,1478
8009.jpg,2132
8010.jpg,1316
8011.jpg,1273
8012.jpg,28
8013.jpg,675
8014.jpg,945
8015.jpg,927
8016.jpg,829
8017.jpg,1550
8018.jpg,1374
8019.jpg,2138
8020.jpg,234
8021.jpg,328
8022.jpg,1926
8023.jpg,115
8024.jpg,294
8025.jpg,1003
8026.jpg,1674
8027.jpg,127
8028.jpg,1766
8029.jpg,1685
8030.jpg,1947
8031.jpg,250
8032.jpg,2169
8033.jpg,1802
8034.jpg,2006
8035.jpg,2099
8036.jpg,1386
8037.jpg,784
8038.jpg,1152
8039.jpg,1408
8040.jpg,85
8041.jpg,1259
8042.jpg,1227
8043.jpg,1664
8044.jpg,1900
8045.jpg,1719
8046.jpg,1614
8047.jpg,167
8048.jpg,2012
8049.jpg,39
8050.jpg,18
8051.jpg,1576
8052.jpg,2174
8053.jpg,1824
8054.jpg,1601
8055.jpg,1319
8056.jpg,395
8057.jpg,2021
8058.jpg,1857
8059.jpg,2104
8060.jpg,929
8061.jpg,1713
8062.jpg,2068
8063.jpg,1413
8064.jpg,2105
8065.jpg,1479
8066.jpg,2147
8067.jpg,774
8068.jpg,430
8069.jpg,2250
8070.jpg,1977
8071.jpg,1345
8072.jpg,375
8073.jpg,1596
8074.jpg,1136
8075.jpg,1214
8076.jpg,289
8077.jpg,1094
8078.jpg,2218
8079.jpg,1352
8080.jpg,2060
8081.jpg,1181
8082.jpg,2049
8083.jpg,897
8084.jpg,1763
8085.jpg,1498
8086.jpg,1488
8087.jpg,1473
8088.jpg,1712
8089.jpg,1647
8090.jpg,164
8091.jpg,291
8092.jpg,2041
8093.jpg,1420
8094.jpg,690
8095.jpg,762
8096.jpg,185
8097.jpg,1393
8098.jpg,1219
8099.jpg,2126
8100.jpg,1929
8101.jpg,797
8102.jpg,974
8103.jpg,1098
8104.jpg,2224
8105.jpg,1293
8106.jpg,449
8107.jpg,488
8108.jpg,537
8109.jpg,616
8110.jpg,1854
8111.jpg,1124
8112.jpg,1069
8113.jpg,1374
8114.jpg,941
8115.jpg,543
8116.jpg,508
8117.jpg,290
8118.jpg,215
8119.jpg,348
8120.jpg,990
8121.jpg,548
8122.jpg,1670
8123.jpg,627
8124.jpg,850
8125.jpg,1710
8126.jpg,1364
8127.jpg,962
8128.jpg,1061
8129.jpg,1680
8130.jpg,1715
8131.jpg,1607
8132.jpg,544
8133.jpg,1273
8134.jpg,272
8135.jpg,1845
8136.jpg,1314
8137.jpg,748
8138.jpg,2011
8139.jpg,258
8140.jpg,236
8141.jpg,92
8142.jpg,1082
8143.jpg,1116
8144.jpg,2034
8145.jpg,509
8146.jpg,1345
8147.jpg,1338
8148.jpg,139
8149.jpg,82
8150.jpg,312
8151.jpg,111
8152.jpg,639
8153.jpg,1931
8154.jpg,1125
8155.jpg,727
8156.jpg,1755
8157.jpg,236
8158.jpg,386
8159.jpg,580
8160.jpg,281
8161.jpg,1100
8162.jpg,668
8163.jpg,2239
8164.jpg,2044
8165.jpg,999
8166.jpg,786
8167.jpg,209
8168.jpg,1973
8169.jpg,1964
8170.jpg,1813
8171.jpg,481
8172.jpg,1305
8173.jpg,75
8174.jpg,608
8175.jpg,1786
8176.jpg,1073
8177.jpg,267
8178.jpg,1091
8179.jpg,106
8180.jpg,1486
8181.jpg,1609
8182.jpg,1211
8183.jpg,686
8184.jpg,112
8185.jpg,2275
8186.jpg,1388
8187.jpg,599
8188.jpg,817
8189.jpg,1006
8190.jpg,624
8191.jpg,735
8192.jpg,852
8193.jpg,1309
8194.jpg,157
8195.jpg,181
8196.jpg,599
8197.jpg,1036
8198.jpg,155
8199.jpg,1709
8200.jpg,771
8201.jpg,1418
8202.jpg,1567
8203.jpg,663
8204.jpg,337
8205.jpg,2269
8206.jpg,94
8207.jpg,885
8208.jpg,1995
8209.jpg,818
8210.jpg,1538
8211.jpg,851
8212.jpg,1529
8213.jpg,2260
8214.jpg,163
8215.jpg,1671
8216.jpg,2236
8217.jpg,1475
8218.jpg,1479
8219.jpg,1439
8220.jpg,1394
8221.jpg,1730
8222.jpg,2081
8223.jpg,1581
8224.jpg,271
8225.jpg,1588
8226.jpg,2196
8227.jpg,568
8228.jpg,5
8229.jpg,1078
8230.jpg,892
8231.jpg,1380
8232.jpg,1571
8233.jpg,2252
8234.jpg,2140
8235.jpg,1283
8236.jpg,15
8237.jpg,1287
8238.jpg,2205
8239.jpg,212
8240.jpg,1627
8241.jpg,2101
8242.jpg,1302
8243.jpg,327
8244.jpg,1616
8245.jpg,396
8246.jpg,772
8247.jpg,2168
8248.jpg,1006
8249.jpg,1448
8250.jpg,2099
8251.jpg,414
8252.jpg,175
8253.jpg,1839
8254.jpg,1041
8255.jpg,349
8256.jpg,272
8257.jpg,65
8258.jpg,1147
8259.jpg,2279
8260.jpg,1986
8261.jpg,355
8262.jpg,102
8263.jpg,1390
8264.jpg,2139
8265.jpg,390
8266.jpg,1248
8267.jpg,1519
8268.jpg,273
8269.jpg,962
8270.jpg,973
8271.jpg,1026
8272.jpg,2141
8273.jpg,1648
8274.jpg,250
8275.jpg,535
8276.jpg,2130
8277.jpg,1761
8278.jpg,1029
8279.jpg,1210
8280.jpg,2243
8281.jpg,1257
8282.jpg,375
8283.jpg,1256
8284.jpg,141
8285.jpg,211
8286.jpg,382
8287.jpg,329
8288.jpg,419
8289.jpg,531
8290.jpg,1865
8291.jpg,2178
8292.jpg,1084
8293.jpg,603
8294.jpg,250
8295.jpg,1509
8296.jpg,1575
8297.jpg,1917
8298.jpg,1353
8299.jpg,2106
8300.jpg,148
8301.jpg,441
8302.jpg,1598
8303.jpg,148
8304.jpg,1620
8305.jpg,1264
8306.jpg,1231
8307.jpg,507
8308.jpg,1565
8309.jpg,13
8310.jpg,105
8311.jpg,571
8312.jpg,1743
8313.jpg,764
8314.jpg,27
8315.jpg,607
8316.jpg,1708
8317.jpg,1133
8318.jpg,1564
8319.jpg,1313
8320.jpg,1278
8321.jpg,2064
8322.jpg,1509
8323.jpg,382
8324.jpg,1049
8325.jpg,422
8326.jpg,809
8327.jpg,2027
8328.jpg,2281
8329.jpg,365
8330.jpg,1664
8331.jpg,277
8332.jpg,1616
8333.jpg,327
8334.jpg,160
8335.jpg,621
8336.jpg,307
8337.jpg,417
8338.jpg,2101
8339.jpg,1566
8340.jpg,751
8341.jpg,787
8342.jpg,463
8343.jpg,51
8344.jpg,370
8345.jpg,751
8346.jpg,564
8347.jpg,1243
8348.jpg,1409
8349.jpg,643
8350.jpg,342
8351.jpg,637
8352.jpg,952
8353.jpg,986
8354.jpg,1506
8355.jpg,2253
8356.jpg,2132
8357.jpg,791
8358.jpg,1410
8359.jpg,30
8360.jpg,352
8361.jpg,1947
8362.jpg,378
8363.jpg,658
8364.jpg,1210
8365.jpg,1332
8366.jpg,983
8367.jpg,608
8368.jpg,1129
8369.jpg,1340
8370.jpg,462
8371.jpg,1270
8372.jpg,1468
8373.jpg,2029
8374.jpg,1570
8375.jpg,1074
8376.jpg,205
8377.jpg,1873
8378.jpg,458
8379.jpg,755
8380.jpg,1028
8381.jpg,411
8382.jpg,1439
8383.jpg,514
8384.jpg,397
8385.jpg,1766
8386.jpg,1545
8387.jpg,1345
8388.jpg,1552
8389.jpg,1266
8390.jpg,2224
8391.jpg,1014
8392.jpg,1428
8393.jpg,330
8394.jpg,856
8395.jpg,225
8396.jpg,1885
8397.jpg,474
8398.jpg,1556
8399.jpg,555
8400.jpg,178
8401.jpg,972
8402.jpg,1324
8403.jpg,1551
8404.jpg,674
8405.jpg,704
8406.jpg,2155
8407.jpg,1637
8408.jpg,1375
8409.jpg,2231
8410.jpg,1429
8411.jpg,1445
8412.jpg,434
8413.jpg,1000
8414.jpg,453
8415.jpg,1740
8416.jpg,2281
8417.jpg,41
8418.jpg,0
8419.jpg,8
8420.jpg,416
8421.jpg,1533
8422.jpg,1213
8423.jpg,1327
8424.jpg,1246
8425.jpg,1041
8426.jpg,2271
8427.jpg,1054
8428.jpg,814
8429.jpg,1910
8430.jpg,393
8431.jpg,1250
8432.jpg,723
8433.jpg,1796
8434.jpg,587
8435.jpg,1156
8436.jpg,1993
8437.jpg,1801
8438.jpg,941
8439.jpg,213
8440.jpg,1311
8441.jpg,577
8442.jpg,355
8443.jpg,379
8444.jpg,828
8445.jpg,52
8446.jpg,477
8447.jpg,1383
8448.jpg,860
8449.jpg,834
8450.jpg,731
8451.jpg,1077
8452.jpg,1626
8453.jpg,722
8454.jpg,708
8455.jpg,814
8456.jpg,1415
8457.jpg,694
8458.jpg,2079
8459.jpg,2074
8460.jpg,1039
8461.jpg,2298
8462.jpg,1146
8463.jpg,1166
8464.jpg,2072
8465.jpg,834
8466.jpg,332
8467.jpg,36
8468.jpg,38
8469.jpg,1002
8470.jpg,2216
8471.jpg,669
8472.jpg,2245
8473.jpg,270
8474.jpg,2016
8475.jpg,440
8476.jpg,1075
8477.jpg,955
8478.jpg,1584
8479.jpg,1280
8480.jpg,460
8481.jpg,1708
8482.jpg,1024
8483.jpg,1119
8484.jpg,61
8485.jpg,1427
8486.jpg,174
8487.jpg,184
8488.jpg,1248
8489.jpg,1988
8490.jpg,2138
8491.jpg,2103
8492.jpg,2078
8493.jpg,39
8494.jpg,1336
8495.jpg,1141
8496.jpg,341
8497.jpg,1414
8498.jpg,785
8499.jpg,2285
8500.jpg,1893
8501.jpg,116
8502.jpg,756
8503.jpg,173
8504.jpg,1413
8505.jpg,1997
8506.jpg,983
8507.jpg,86
8508.jpg,867
8509.jpg,1295
8510.jpg,2255
8511.jpg,970
8512.jpg,1932
8513.jpg,1331
8514.jpg,1224
8515.jpg,628
8516.jpg,704
8517.jpg,438
8518.jpg,1491
8519.jpg,1199
8520.jpg,2054
8521.jpg,1842
8522.jpg,648
8523.jpg,922
8524.jpg,2113
8525.jpg,252
8526.jpg,253
8527.jpg,1280
8528.jpg,897
8529.jpg,288
8530.jpg,161
8531.jpg,787
8532.jpg,2194
8533.jpg,1594
8534.jpg,877
8535.jpg,939
8536.jpg,78
8537.jpg,1188
8538.jpg,2049
8539.jpg,1567
8540.jpg,60
8541.jpg,591
8542.jpg,886
8543.jpg,912
8544.jpg,123
8545.jpg,1655
8546.jpg,2100
8547.jpg,573
8548.jpg,747
8549.jpg,1993
8550.jpg,1256
8551.jpg,201
8552.jpg,1082
8553.jpg,2120
8554.jpg,2256
8555.jpg,1955
8556.jpg,1758
8557.jpg,260
8558.jpg,2098
8559.jpg,287
8560.jpg,702
8561.jpg,599
8562.jpg,575
8563.jpg,1845
8564.jpg,1870
8565.jpg,8
8566.jpg,697
8567.jpg,1008
8568.jpg,2262
8569.jpg,653
8570.jpg,1186
8571.jpg,1424
8572.jpg,1122
8573.jpg,2158
8574.jpg,1268
8575.jpg,1213
8576.jpg,1292
8577.jpg,562
8578.jpg,2014
8579.jpg,1335
8580.jpg,918
8581.jpg,2207
8582.jpg,1089
8583.jpg,89
8584.jpg,570
8585.jpg,568
8586.jpg,1889
8587.jpg,184
8588.jpg,914
8589.jpg,758
8590.jpg,229
8591.jpg,1187
8592.jpg,1117
8593.jpg,792
8594.jpg,237
8595.jpg,1925
8596.jpg,908
8597.jpg,2136
8598.jpg,2061
8599.jpg,368
8600.jpg,1029
8601.jpg,607
8602.jpg,884
8603.jpg,402
8604.jpg,1950
8605.jpg,879
8606.jpg,1077
8607.jpg,330
8608.jpg,1974
8609.jpg,115
8610.jpg,1050
8611.jpg,331
8612.jpg,2131
8613.jpg,750
8614.jpg,1018
8615.jpg,693
8616.jpg,804
8617.jpg,2171
8618.jpg,1111
8619.jpg,405
8620.jpg,1879
8621.jpg,796
8622.jpg,1046
8623.jpg,1740
8624.jpg,83
8625.jpg,479
8626.jpg,1107
8627.jpg,1789
8628.jpg,303
8629.jpg,951
8630.jpg,2185
8631.jpg,2160
8632.jpg,1942
8633.jpg,473
8634.jpg,1353
8635.jpg,677
8636.jpg,1728
8637.jpg,1535
8638.jpg,2275
8639.jpg,1522
8640.jpg,1187
8641.jpg,1140
8642.jpg,2015
8643.jpg,1565
8644.jpg,942
8645.jpg,733
8646.jpg,1857
8647.jpg,2030
8648.jpg,882
8649.jpg,1257
8650.jpg,308
8651.jpg,1507
8652.jpg,1966
8653.jpg,1903
8654.jpg,1576
8655.jpg,894
8656.jpg,526
8657.jpg,571
8658.jpg,1710
8659.jpg,851
8660.jpg,104
8661.jpg,1304
8662.jpg,566
8663.jpg,1584
8664.jpg,1777
8665.jpg,649
8666.jpg,1858
8667.jpg,631
8668.jpg,169
8669.jpg,1521
8670.jpg,901
8671.jpg,1055
8672.jpg,273
8673.jpg,1423
8674.jpg,351
8675.jpg,433
8676.jpg,2133
8677.jpg,1139
8678.jpg,1244
8679.jpg,366
8680.jpg,877
8681.jpg,868
8682.jpg,1108
8683.jpg,1885
8684.jpg,330
8685.jpg,2046
8686.jpg,285
8687.jpg,741
8688.jpg,80
8689.jpg,1012
8690.jpg,2240
8691.jpg,475
8692.jpg,170
8693.jpg,1944
8694.jpg,2241
8695.jpg,189
8696.jpg,2057
8697.jpg,2226
8698.jpg,1434
8699.jpg,152
8700.jpg,508
8701.jpg,1779
8702.jpg,1720
8703.jpg,2157
8704.jpg,309
8705.jpg,1541
8706.jpg,959
8707.jpg,167
8708.jpg,1105
8709.jpg,642
8710.jpg,1647
8711.jpg,1783
8712.jpg,233
8713.jpg,2186
8714.jpg,1868
8715.jpg,107
8716.jpg,156
8717.jpg,2221
8718.jpg,1825
8719.jpg,347
8720.jpg,1615
8721.jpg,2123
8722.jpg,1876
8723.jpg,672
8724.jpg,1051
8725.jpg,925
8726.jpg,69
8727.jpg,1161
8728.jpg,1262
8729.jpg,590
8730.jpg,502
8731.jpg,1843
8732.jpg,61
8733.jpg,1703
8734.jpg,448
8735.jpg,1629
8736.jpg,1064
8737.jpg,1247
8738.jpg,800
8739.jpg,463
8740.jpg,1873
8741.jpg,857
8742.jpg,700
8743.jpg,1836
8744.jpg,2296
8745.jpg,1180
8746.jpg,437
8747.jpg,1255
8748.jpg,1924
8749.jpg,1276
8750.jpg,1562
8751.jpg,402
8752.jpg,205
8753.jpg,1340
8754.jpg,2108
8755.jpg,821
8756.jpg,1313
8757.jpg,1755
8758.jpg,58
8759.jpg,48
8760.jpg,1627
8761.jpg,813
8762.jpg,646
8763.jpg,504
8764.jpg,339
8765.jpg,1756
8766.jpg,307
8767.jpg,862
8768.jpg,406
8769.jpg,1810
8770.jpg,1154
8771.jpg,1880
8772.jpg,1817
8773.jpg,1873
8774.jpg,1503
8775.jpg,1154
8776.jpg,606
8777.jpg,1799
8778.jpg,1963
8779.jpg,306
8780.jpg,557
8781.jpg,936
8782.jpg,771
8783.jpg,1215
8784.jpg,588
8785.jpg,1067
8786.jpg,1095
8787.jpg,17
8788.jpg,1707
8789.jpg,1992
8790.jpg,1326
8791.jpg,1636
8792.jpg,2010
8793.jpg,2202
8794.jpg,2178
8795.jpg,242
8796.jpg,1360
8797.jpg,1594
8798.jpg,2096
8799.jpg,499
8800.jpg,1198
8801.jpg,506
8802.jpg,326
8803.jpg,3
8804.jpg,992
8805.jpg,1579
8806.jpg,2142
8807.jpg,1773
8808.jpg,1637
8809.jpg,1421
8810.jpg,1578
8811.jpg,2216
8812.jpg,399
8813.jpg,2136
8814.jpg,1586
8815.jpg,620
8816.jpg,1547
8817.jpg,1874
8818.jpg,1208
8819.jpg,2058
8820.jpg,1320
8821.jpg,1147
8822.jpg,235
8823.jpg,2140
8824.jpg,2014
8825.jpg,556
8826.jpg,263
8827.jpg,1199
8828.jpg,412
8829.jpg,2089
8830.jpg,1229
8831.jpg,1389
8832.jpg,1775
8833.jpg,216
8834.jpg,1355
8835.jpg,1994
8836.jpg,1975
8837.jpg,289
8838.jpg,1142
8839.jpg,10
8840.jpg,331
8841.jpg,442
8842.jpg,1315
8843.jpg,1646
8844.jpg,1935
8845.jpg,1750
8846.jpg,219
8847.jpg,1480
8848.jpg,2096
8849.jpg,569
8850.jpg,303
8851.jpg,534
8852.jpg,537
8853.jpg,1708
8854.jpg,1367
8855.jpg,389
8856.jpg,239
8857.jpg,1349
8858.jpg,833
8859.jpg,1669
8860.jpg,988
8861.jpg,1149
8862.jpg,1245
8863.jpg,170
8864.jpg,1241
8865.jpg,251
8866.jpg,676
8867.jpg,1086
8868.jpg,1457
8869.jpg,886
8870.jpg,2253
8871.jpg,623
8872.jpg,1927
8873.jpg,449
8874.jpg,35
8875.jpg,238
8876.jpg,1043
8877.jpg,636
8878.jpg,1936
8879.jpg,1696
8880.jpg,165
8881.jpg,70
8882.jpg,1376
8883.jpg,1058
8884.jpg,1910
8885.jpg,455
8886.jpg,1569
8887.jpg,1072
8888.jpg,1369
8889.jpg,621
8890.jpg,902
8891.jpg,1206
8892.jpg,2153
8893.jpg,863
8894.jpg,2254
8895.jpg,1845
8896.jpg,54
8897.jpg,147
8898.jpg,1349
8899.jpg,2162
8900.jpg,736
8901.jpg,2286
8902.jpg,140
8903.jpg,1628
8904.jpg,465
8905.jpg,1722
8906.jpg,618
8907.jpg,886
8908.jpg,1873
8909.jpg,1017
8910.jpg,2211
8911.jpg,15
8912.jpg,1480
8913.jpg,408
8914.jpg,235
8915.jpg,442
8916.jpg,2234
8917.jpg,589
8918.jpg,710
8919.jpg,1137
8920.jpg,2291
8921.jpg,2152
8922.jpg,373
8923.jpg,1992
8924.jpg,976
8925.jpg,153
8926.jpg,2195
8927.jpg,1030
8928.jpg,1806
8929.jpg,554
8930.jpg,1884
8931.jpg,267
8932.jpg,1625
8933.jpg,1282
8934.jpg,1375
8935.jpg,869
8936.jpg,1819
8937.jpg,1091
8938.jpg,1325
8939.jpg,1931
8940.jpg,1272
8941.jpg,381
8942.jpg,1222
8943.jpg,736
8944.jpg,1703
8945.jpg,487
8946.jpg,418
8947.jpg,2018
8948.jpg,1589
8949.jpg,1395
8950.jpg,153
8951.jpg,789
8952.jpg,2061
8953.jpg,1623
8954.jpg,1364
8955.jpg,387
8956.jpg,1422
8957.jpg,475
8958.jpg,395
8959.jpg,64
8960.jpg,1499
8961.jpg,775
8962.jpg,56
8963.jpg,276
8964.jpg,1759
8965.jpg,2259
8966.jpg,2076
8967.jpg,426
8968.jpg,1157
8969.jpg,984
8970.jpg,858
8971.jpg,1993
8972.jpg,2156
8973.jpg,1102
8974.jpg,122
8975.jpg,583
8976.jpg,1369
8977.jpg,1276
8978.jpg,248
8979.jpg,845
8980.jpg,501
8981.jpg,604
8982.jpg,184
8983.jpg,1207
8984.jpg,1476
8985.jpg,2126
8986.jpg,1431
8987.jpg,1724
8988.jpg,1860
8989.jpg,897
8990.jpg,2193
8991.jpg,1335
8992.jpg,2263
8993.jpg,1631
8994.jpg,530
8995.jpg,470
8996.jpg,1176
8997.jpg,240
8998.jpg,1904
8999.jpg,717
9000.jpg,1606
9001.jpg,1380
9002.jpg,142
9003.jpg,658
9004.jpg,1655
9005.jpg,899
9006.jpg,520
9007.jpg,709
9008.jpg,502
9009.jpg,2059
9010.jpg,930
9011.jpg,42
9012.jpg,899
9013.jpg,1797
9014.jpg,913
9015.jpg,1612
9016.jpg,1032
9017.jpg,1779
9018.jpg,21
9019.jpg,723
9020.jpg,701
9021.jpg,166
9022.jpg,69
9023.jpg,1386
9024.jpg,397
9025.jpg,985
9026.jpg,1274
9027.jpg,1300
9028.jpg,777
9029.jpg,1281
9030.jpg,1905
9031.jpg,610
9032.jpg,410
9033.jpg,53
9034.jpg,2263
9035.jpg,718
9036.jpg,79
9037.jpg,1174
9038.jpg,7
9039.jpg,1137
9040.jpg,1917
9041.jpg,1493
9042.jpg,670
9043.jpg,867
9044.jpg,1280
9045.jpg,1861
9046.jpg,766
9047.jpg,912
9048.jpg,1819
9049.jpg,1025
9050.jpg,682
9051.jpg,393
9052.jpg,2188
9053.jpg,242
9054.jpg,27
9055.jpg,1027
9056.jpg,705
9057.jpg,91
9058.jpg,777
9059.jpg,463
9060.jpg,1639
9061.jpg,679
9062.jpg,2070
9063.jpg,405
9064.jpg,1681
9065.jpg,1649
9066.jpg,1235
9067.jpg,1150
9068.jpg,326
9069.jpg,279
9070.jpg,9
9071.jpg,324
9072.jpg,2010
9073.jpg,282
9074.jpg,1871
9075.jpg,166
9076.jpg,632
9077.jpg,2162
9078.jpg,391
9079.jpg,1850
9080.jpg,1425
9081.jpg,1746
9082.jpg,137
9083.jpg,744
9084.jpg,2168
9085.jpg,9
9086.jpg,421
9087.jpg,521
9088.jpg,1804
9089.jpg,107
9090.jpg,974
9091.jpg,2074
9092.jpg,721
9093.jpg,134
9094.jpg,1121
9095.jpg,703
9096.jpg,2156
9097.jpg,688
9098.jpg,476
9099.jpg,2050
9100.jpg,2184
9101.jpg,1091
9102.jpg,1959
9103.jpg,2032
9104.jpg,1625
9105.jpg,683
9106.jpg,540
9107.jpg,1530
9108.jpg,1792
9109.jpg,447
9110.jpg,1764
9111.jpg,881
9112.jpg,1765
9113.jpg,1347
9114.jpg,1629
9115.jpg,412
9116.jpg,1420
9117.jpg,1908
9118.jpg,578
9119.jpg,1332
9120.jpg,1473
9121.jpg,1878
9122.jpg,1959
9123.jpg,1495
9124.jpg,414
9125.jpg,1196
9126.jpg,1587
9127.jpg,1526
9128.jpg,1114
9129.jpg,706
9130.jpg,745
9131.jpg,995
9132.jpg,723
9133.jpg,1408
9134.jpg,712
9135.jpg,614
9136.jpg,2111
9137.jpg,763
9138.jpg,1339
9139.jpg,1135
9140.jpg,1927
9141.jpg,1520
9142.jpg,919
9143.jpg,529
9144.jpg,1343
9145.jpg,1572
9146.jpg,2218
9147.jpg,1100
9148.jpg,2143
9149.jpg,2024
9150.jpg,412
9151.jpg,23
9152.jpg,738
9153.jpg,1459
9154.jpg,1797
9155.jpg,1984
9156.jpg,1876
9157.jpg,1762
9158.jpg,1007
9159.jpg,860
9160.jpg,2276
9161.jpg,204
9162.jpg,1419
9163.jpg,1864
9164.jpg,303
9165.jpg,1088
9166.jpg,1720
9167.jpg,1172
9168.jpg,861
9169.jpg,1573
9170.jpg,2115
9171.jpg,284
9172.jpg,274
9173.jpg,1531
9174.jpg,422
9175.jpg,1648
9176.jpg,1614
9177.jpg,681
9178.jpg,2202
9179.jpg,41
9180.jpg,703
9181.jpg,2169
9182.jpg,910
9183.jpg,71
9184.jpg,712
9185.jpg,1938
9186.jpg,443
9187.jpg,674
9188.jpg,1318
9189.jpg,1379
9190.jpg,572
9191.jpg,1708
9192.jpg,108
9193.jpg,600
9194.jpg,1768
9195.jpg,1367
9196.jpg,1134
9197.jpg,732
9198.jpg,1558
9199.jpg,698
9200.jpg,465
9201.jpg,1634
9202.jpg,1572
9203.jpg,1753
9204.jpg,1618
9205.jpg,1692
9206.jpg,1804
9207.jpg,161
9208.jpg,1653
9209.jpg,382
9210.jpg,210
9211.jpg,1749
9212.jpg,1244
9213.jpg,1734
9214.jpg,1849
9215.jpg,196
9216.jpg,1310
9217.jpg,1664
9218.jpg,236
9219.jpg,255
9220.jpg,1904
9221.jpg,177
9222.jpg,1829
9223.jpg,778
9224.jpg,1577
9225.jpg,493
9226.jpg,1846
9227.jpg,297
9228.jpg,1911
9229.jpg,1062
9230.jpg,2068
9231.jpg,2151
9232.jpg,1607
9233.jpg,1012
9234.jpg,1314
9235.jpg,755
9236.jpg,24
9237.jpg,1549
9238.jpg,1037
9239.jpg,1216
9240.jpg,1542
9241.jpg,1831
9242.jpg,1675
9243.jpg,1434
9244.jpg,2133
9245.jpg,1595
9246.jpg,1267
9247.jpg,11
9248.jpg,310
9249.jpg,720
9250.jpg,880
9251.jpg,249
9252.jpg,96
9253.jpg,941
9254.jpg,1460
9255.jpg,557
9256.jpg,940
9257.jpg,2171
9258.jpg,937
9259.jpg,188
9260.jpg,399
9261.jpg,643
9262.jpg,363
9263.jpg,2144
9264.jpg,278
9265.jpg,204
9266.jpg,1994
9267.jpg,773
9268.jpg,441
9269.jpg,773
9270.jpg,677
9271.jpg,27
9272.jpg,1217
9273.jpg,1587
9274.jpg,584
9275.jpg,825
9276.jpg,1801
9277.jpg,1999
9278.jpg,127
9279.jpg,1190
9280.jpg,975
9281.jpg,452
9282.jpg,1694
9283.jpg,1241
9284.jpg,1254
9285.jpg,1298
9286.jpg,1466
9287.jpg,1730
9288.jpg,14
9289.jpg,130
9290.jpg,1699
9291.jpg,2055
9292.jpg,1166
9293.jpg,466
9294.jpg,182
9295.jpg,1066
9296.jpg,1447
9297.jpg,471
9298.jpg,536
9299.jpg,1027
9300.jpg,1067
9301.jpg,780
9302.jpg,1774
9303.jpg,1734
9304.jpg,753
9305.jpg,2034
9306.jpg,586
9307.jpg,1201
9308.jpg,423
9309.jpg,2280
9310.jpg,277
9311.jpg,1104
9312.jpg,685
9313.jpg,221
9314.jpg,303
9315.jpg,2287
9316.jpg,2224
9317.jpg,2231
9318.jpg,325
9319.jpg,1298
9320.jpg,545
9321.jpg,134
9322.jpg,1886
9323.jpg,1495
9324.jpg,712
9325.jpg,2257
9326.jpg,341
9327.jpg,1193
9328.jpg,1489
9329.jpg,1347
9330.jpg,2064
9331.jpg,133
9332.jpg,1680
9333.jpg,1073
9334.jpg,1041
9335.jpg,1602
9336.jpg,1953
9337.jpg,1304
9338.jpg,506
9339.jpg,579
9340.jpg,162
9341.jpg,740
9342.jpg,46
9343.jpg,555
9344.jpg,1767
9345.jpg,285
9346.jpg,469
9347.jpg,110
9348.jpg,875
9349.jpg,1018
9350.jpg,778
9351.jpg,488
9352.jpg,2284
9353.jpg,1086
9354.jpg,113
9355.jpg,432
9356.jpg,895
9357.jpg,951
9358.jpg,2170
9359.jpg,1501
9360.jpg,1092
9361.jpg,1307
9362.jpg,1523
9363.jpg,866
9364.jpg,182
9365.jpg,1655
9366.jpg,1402
9367.jpg,916
9368.jpg,219
9369.jpg,1377
9370.jpg,250
9371.jpg,668
9372.jpg,806
9373.jpg,2179
9374.jpg,1240
9375.jpg,1274
9376.jpg,590
9377.jpg,131
9378.jpg,1918
9379.jpg,165
9380.jpg,346
9381.jpg,384
9382.jpg,1602
9383.jpg,1027
9384.jpg,1071
9385.jpg,314
9386.jpg,1142
9387.jpg,1536
9388.jpg,1470
9389.jpg,272
9390.jpg,1014
9391.jpg,447
9392.jpg,117
9393.jpg,639
9394.jpg,358
9395.jpg,507
9396.jpg,1220
9397.jpg,1415
9398.jpg,1730
9399.jpg,113
9400.jpg,1483
9401.jpg,1761
9402.jpg,396
9403.jpg,898
9404.jpg,292
9405.jpg,1930
9406.jpg,2067
9407.jpg,885
9408.jpg,818
9409.jpg,492
9410.jpg,1602
9411.jpg,1832
9412.jpg,791
9413.jpg,985
9414.jpg,47
9415.jpg,210
9416.jpg,1459
9417.jpg,1975
9418.jpg,1452
9419.jpg,285
9420.jpg,1147
9421.jpg,74
9422.jpg,595
9423.jpg,968
9424.jpg,696
9425.jpg,1318
9426.jpg,827
9427.jpg,2177
9428.jpg,1718
9429.jpg,1917
9430.jpg,1192
9431.jpg,1877
9432.jpg,1156
9433.jpg,261
9434.jpg,933
9435.jpg,1619
9436.jpg,780
9437.jpg,533
9438.jpg,1781
9439.jpg,1145
9440.jpg,866
9441.jpg,1207
9442.jpg,728
9443.jpg,95
9444.jpg,172
9445.jpg,100
9446.jpg,50
9447.jpg,1144
9448.jpg,726
9449.jpg,2205
9450.jpg,2037
9451.jpg,212
9452.jpg,2222
9453.jpg,2106
9454.jpg,1180
9455.jpg,942
9456.jpg,1603
9457.jpg,1776
9458.jpg,1270
9459.jpg,1945
9460.jpg,1511
9461.jpg,1477
9462.jpg,847
9463.jpg,750
9464.jpg,659
9465.jpg,1200
9466.jpg,809
9467.jpg,1686
9468.jpg,1973
9469.jpg,1152
9470.jpg,948
9471.jpg,1310
9472.jpg,1987
9473.jpg,1158
9474.jpg,633
9475.jpg,711
9476.jpg,1628
9477.jpg,56
9478.jpg,1448
9479.jpg,1463
9480.jpg,1815
9481.jpg,1377
9482.jpg,216
9483.jpg,1980
9484.jpg,1616
9485.jpg,1458
9486.jpg,1182
9487.jpg,1246
9488.jpg,79
9489.jpg,810
9490.jpg,1491
9491.jpg,1733
9492.jpg,159
9493.jpg,1519
9494.jpg,431
9495.jpg,1967
9496.jpg,1938
9497.jpg,1472
9498.jpg,216
9499.jpg,181
9500.jpg,2297
9501.jpg,380
9502.jpg,1123
9503.jpg,1760
9504.jpg,499
9505.jpg,735
9506.jpg,498
9507.jpg,857
9508.jpg,190
9509.jpg,1027
9510.jpg,180
9511.jpg,1242
9512.jpg,1720
9513.jpg,59
9514.jpg,2151
9515.jpg,641
9516.jpg,2231
9517.jpg,1129
9518.jpg,1958
9519.jpg,1185
9520.jpg,682
9521.jpg,286
9522.jpg,1950
9523.jpg,1762
9524.jpg,2040
9525.jpg,1398
9526.jpg,886
9527.jpg,1524
9528.jpg,1051
9529.jpg,315
9530.jpg,721
9531.jpg,174
9532.jpg,110
9533.jpg,2137
9534.jpg,2069
9535.jpg,1611
9536.jpg,510
9537.jpg,1894
9538.jpg,1725
9539.jpg,1226
9540.jpg,1521
9541.jpg,96
9542.jpg,521
9543.jpg,18
9544.jpg,1936
9545.jpg,1008
9546.jpg,624
9547.jpg,1075
9548.jpg,1153
9549.jpg,1016
9550.jpg,1189
9551.jpg,1284
9552.jpg,408
9553.jpg,885
9554.jpg,2242
9555.jpg,2229
9556.jpg,1251
9557.jpg,1639
9558.jpg,1392
9559.jpg,1102
9560.jpg,1492
9561.jpg,2197
9562.jpg,133
9563.jpg,821
9564.jpg,1390
9565.jpg,49
9566.jpg,2199
9567.jpg,1660
9568.jpg,2111
9569.jpg,2258
9570.jpg,1152
9571.jpg,1394
9572.jpg,1771
9573.jpg,923
9574.jpg,894
9575.jpg,358
9576.jpg,665
9577.jpg,1192
9578.jpg,1495
9579.jpg,510
9580.jpg,1542
9581.jpg,159
9582.jpg,1582
9583.jpg,954
9584.jpg,1422
9585.jpg,1055
9586.jpg,1505
9587.jpg,152
9588.jpg,1117
9589.jpg,1598
9590.jpg,16
9591.jpg,70
9592.jpg,535
9593.jpg,694
9594.jpg,84
9595.jpg,730
9596.jpg,683
9597.jpg,739
9598.jpg,1881
9599.jpg,463
